Continent,Non-State,Country,Country Code,Legal (all genders),Age Of consent,Gender,Penalising text,Promotion/Morality,Ma.x Sentences (M)onths and (Y)ears,Death Sentence,Arrests in past 3 years?,Ban on NGOs,NRHI - SO-inclusive? ,Constitution Protection,Employment Protection,Other Protection,Hate Crime Protection,Incitemenrt Protection,CT Ban Protection,Marriage Recognition,Civil recognition,Joint adoption,2nd parent adoption,GDP (current US$) - 2007,GDP (current US$) - 2008,GDP (current US$) - 2009,GDP (current US$) - 2010,GDP (current US$) - 2011,GDP (current US$) - 2012,GDP (current US$) - 2013,GDP (current US$) - 2014,GDP (current US$) - 2015,GDP (current US$) - 2016,GDP (current US$) - 2017,Research and development expenditure (% of GDP) - 2007,Research and development expenditure (% of GDP) - 2008,Research and development expenditure (% of GDP) - 2009,Research and development expenditure (% of GDP) - 2010,Research and development expenditure (% of GDP) - 2011,Research and development expenditure (% of GDP) - 2012,Research and development expenditure (% of GDP) - 2013,Research and development expenditure (% of GDP) - 2014,Research and development expenditure (% of GDP) - 2015,Research and development expenditure (% of GDP) - 2016,Research and development expenditure (% of GDP) - 2017,GDP per capita (current US$) - 2007,GDP per capita (current US$) - 2008,GDP per capita (current US$) - 2009,GDP per capita (current US$) - 2010,GDP per capita (current US$) - 2011,GDP per capita (current US$) - 2012,GDP per capita (current US$) - 2013,GDP per capita (current US$) - 2014,GDP per capita (current US$) - 2015,GDP per capita (current US$) - 2016,GDP per capita (current US$) - 2017
,,,,,,,,,,,,,,,,,,,,,,,,,,,,,,,,,,,,,,,,,,,,,,,,,,,,,,,,
AF,,Algeria,DZA,Ilegal,Unknown,Both,Sexual Act,Morality Code,3 - 7  yrs,No,No,Yes,No,No,No,No,No,No,No,No,No,No,No,1.35E+11,1.71E+11,1.37E+11,1.61E+11,2.00E+11,2.09E+11,2.10E+11,2.14E+11,1.66E+11,1.60E+11,1.67E+11,,,,,,,,,,0.53347,,3950.561607,4923.540099,3883.378143,4480.724539,5455.741338,5592.326098,5499.581487,5493.02559,4177.867517,3946.421445,4044.298372
AF,,Angola,AGO,Ilegal,Unknown,Both,Against nature,Unknown,3 - 7  yrs,No,No,Yes,Yes,No,No,No,No,No,No,No,No,No,No,65266452081,88538611205,70307163678,83799496611,1.12E+11,1.28E+11,1.37E+11,1.46E+11,1.16E+11,1.01E+11,1.22E+11,,,,,,,,,,,,3121.995637,4080.94141,3122.780766,3587.883798,4615.468028,5100.095808,5254.882338,5408.410496,4166.979684,3506.072885,4095.812942
AF,,Benin,BEN,Legal,Unequal,NA,NA,NA,NA,No,No,Yes,No,No,No,No,No,No,No,No,No,No,No,5969535132,7132787397,7097198712,6977040762,7824320327,8152088222,9159958826,9720362615,8294490789,8578984066,9269594835,,,,,,,,,,,,706.0533749,820.1508783,793.4522526,758.4350829,827.0226108,837.8949968,915.5758164,944.931653,784.2784072,789.0849152,829.4788028
AF,,Botswana,BWA,Ilegal,Unknown,Both,Against nature,Unknown,3 - 7  yrs,No,No,Yes,Yes,No,Yes,No,No,No,No,No,No,No,No,10939053365,10945070442,10267133178,12786654366,15351972230,16067155187,14901750765,16250750259,14420604206,15646316818,17405538618,,,,,0.25411,0.53728,,,,,,5832.733942,5713.534983,5255.768461,6434.815657,7617.325094,7877.79035,7224.965172,7780.638385,6799.875234,7243.852997,7893.210108
AF,,Burkina Faso,BFA,Legal,Equal,NA,NA,NA,NA,No,No,Yes,No,No,No,No,No,No,No,No,No,No,No,6771277871,8369637065,8369175126,8979966766,10724063458,11166063467,11947176342,12377391463,10419303761,10867024152,12330338343,0.18634,0.25,,,,,0.22183,0.22183,,0.6738,,475.1100122,569.7613172,552.7455886,575.4464527,666.8401198,673.8215984,699.7794056,703.8200556,575.3144542,582.7954443,642.4298387
AF,,Burundi,BDI,Ilegal,Unknown,Both,Sexual Act,Unknown,1 mo - 2 yrs,No,No,Yes,No,No,No,No,No,No,No,No,No,No,No,1356199365,1611835902,1781455092,2032135247,2235820868,2333308099,2451625333,2705783272,3104394858,2959640987,3172292379,0.15419,0.14434,0.13755,0.12126,,,,,,,,172.4958599,198.3529006,212.1368804,234.2356469,249.5779794,252.3589799,256.9760028,274.8579479,305.5497728,282.1931304,292.9976307
AF,,Cameroon,CMR,Ilegal,Unknown,Both,Sexual Act,Unknown,3 - 7  yrs,No,Yes,Yes,No,No,No,No,No,No,No,No,No,No,No,22365265026,26409781215,26017925552,26143818510,29337006833,29104437355,32348149947,34942948737,30916218544,32621535419,34922782311,,,,,,,,,,,,1194.06985,1371.746708,1314.706015,1285.261726,1403.255638,1354.623087,1465.222327,1540.568182,1326.969277,1363.403851,1421.587492
AF,,Cape Verde,CPV,Legal,Equal,NA,NA,NA,NA,No,No,Yes,No,No,Yes,No,No,No,No,No,No,No,No,1513933983,1789333749,1711817182,1664310770,1865915544,1741809809,1850470042,1859898513,1596800287,1663008687,1769787215,,,,0.7264,,,,,,,,3186.826892,3721.250949,3517.401245,3378.25486,3740.389099,3447.524041,3615.979041,3588.674054,3043.013984,3130.982229,3292.645755
AF,,Central African Republic,CAF,Legal,Equal,NA,NA,NA,NA,No,No,Yes,None,No,No,No,No,No,No,No,No,No,No,1697565949,1985240986,2059094048,2140503193,2434792413,2510270268,1691063477,1892292912,1695143880,1823779165,2067230996,,,,,,,,,,,,404.373965,464.5614221,474.7054087,487.9453833,551.0280576,565.8330584,380.1900917,423.8841246,377.2712538,401.9182384,449.7864235
AF,,Chad,TCD,Legal,Unequal,NA,NA,NA,NA,No,No,Yes,Unclear,No,No,No,No,No,No,No,No,No,No,8638711443,10351932604,9253484108,10657705536,12156380425,12368071039,12949854263,13922223234,10945989472,10090922857,9975692095,,,,,,,,,0.32217,,,798.5480013,925.6360843,800.4642249,891.6988174,983.4472327,967.408126,979.5339592,1018.930956,775.7075235,692.9785958,664.3033157
AF,,Comoros,COM,Ilegal,Unknown,Both,Against nature,Unknown,3 - 7  yrs,No,No,Yes,None,No,No,No,No,No,No,No,No,No,No,794621676.5,911967428.7,901711442.3,907093130.3,1021746833,1015901205,1115906342,1148058015,965640593,1012147324,1074778461,,,,,,,,,,,,1238.461514,1387.594626,1339.337191,1315.214806,1446.068018,1403.428519,1504.920859,1511.816083,1242.102885,1272.193943,1320.541867
AF,,Congo,COG,Legal,Unequal,NA,NA,NA,NA,No,No,Yes,No,No,No,No,No,No,No,No,No,No,No,8394688284,11859013281,9593537551,12007880439,14425607180,13677930124,14085851348,14177437982,8553154580,9035848071,8701334800,,,,,,,,,,,,2165.745759,2956.264407,2314.266025,2809.694957,3282.393455,3032.667329,3047.064589,2992.931349,1761.32357,1814.063418,1702.571349
AF,,Cote d Ivoire,CIV,Legal,Unequal,NA,NA,NA,NA,No,No,Yes,None,No,No,No,No,No,No,No,No,No,No,20343635320,24224903100,24277493862,24884505035,25381616734,26790579775,31264187110,35316491207,33131114322,35296977344,38053606751,,,,,,,,,0.928,,,1061.154026,1235.613366,1210.295426,1211.930338,1207.001434,1243.344597,1415.469385,1559.386504,1426.457864,1481.652231,1557.182814
AF,,Democratic Republic of Congo,COD,Legal,Equal,NA,NA,NA,NA,No,No,Yes,No,No,No,No,No,No,No,No,No,No,No,16737071816,19788515874,18648373312,21565720044,25839749199,29306235826,32679745298,35909040266,37917704900,37134799975,38019265626,0.8253,0.7822,,,,,,,,,,286.3304921,327.5637218,298.6196821,334.0215726,387.0824654,424.6003861,457.9637283,486.7870819,497.3169608,471.3188404,467.0742375
AF,,Djibouti,DJI,Legal,Equal,NA,NA,NA,NA,No,No,Yes,No,No,No,No,No,No,No,No,No,No,No,,,,,,,2042817163,2216200810,2445484583,2618587757,2766868072,,,,,,,,,,,,,,,,,,2312.728803,2466.018332,2675.605374,2818.376856,2930.703172
AF,,Egypt,EGY,Legal,Equal,Both,Unknown,Penal Code / Morality Code,3 - 7  yrs,No,Yes,Yes,No,No,No,No,No,No,No,No,No,No,No,1.30E+11,1.63E+11,1.89E+11,2.19E+11,2.36E+11,2.79E+11,2.89E+11,3.06E+11,3.33E+11,3.33E+11,2.35E+11,0.2724,0.43312,0.43345,0.53154,0.5899,0.63895,0.63649,0.63649,0.7848,0.6595,,1667.843721,2044.527855,2329.23948,2644.817039,2791.954962,3232.648892,3264.378787,3378.831358,3598.970948,3525.020165,2440.510173
AF,,Equatorial Guinea,GNQ,Legal,Equal,NA,NA,NA,NA,No,No,Yes,No,No,No,No,No,No,No,No,No,No,No,13071718759,19749893536,15027795173,16298542028,21329395901,22389626329,21942597765,21736500713,13180195435,11233177619,12289913729,,,,,,,,,,,,15908.39183,22942.58345,16667.93682,17272.00977,21613.54923,21712.39502,20384.92453,19368.23091,11278.92894,9244.051798,9738.434224
AF,,Eritrea,ERI,Ilegal,Unknown,Both,Sexual Act,Unknown,14 yrs  - life,No,No,Yes,None,No,No,No,No,No,No,No,No,No,No,1317974491,1380188800,1856695551,2117039512,2607739837,,,,,,,,,,,,,,,,,,439.8326905,450.6328403,595.1099872,667.7441778,811.3760286,,,,,,
AF,,Ethiopia,ETH,Ilegal,Unknown,Both,Sexual Act,Unknown,14 yrs  - life,No,No,Yes,None,No,No,No,No,No,No,No,No,No,No,19707616773,27066912635,32437389116,29933790334,31952763089,43310721414,47648211133,55612228234,64589334979,74296618481,81760441159,,,0.24137,,,0.6474,,,,,,244.2860372,326.4368267,380.5690479,341.5541149,354.4795758,467.0779272,499.5315721,566.9264665,640.5418913,717.1245929,768.4250255
AF,,Gabon,GAB,Legal,Unequal,NA,NA,NA,NA,No,No,Yes,No,No,No,No,No,No,No,No,No,No,No,12438956756,15508574820,12065138273,14358584300,18186478120,17171447372,17590745162,18179752010,14377324798,14014369642,14892609693,0.519,0.57924,,,,,,,,,,8447.078591,10212.81943,7690.052235,8840.730664,10795.50058,9814.038992,9680.824339,9650.574376,7381.746749,6979.709196,7212.535744
AF,,Gambia,GMB,Ilegal,Unknown,Both,Against nature,Unknown,8 - 13 yrs,No,Yes,Yes,None,No,No,No,No,No,No,No,No,No,No,1279704745,1561763437,1450140386,1543292393,1409694554,1415006238,1375608956,1229460602,1378176868,1467255923,1504954958,0.239,0.1748,,0.1338,,,,,,,,780.3800991,924.5115164,833.2804027,860.6378737,762.7610541,742.7811378,700.514972,607.4284041,660.7235712,682.7180203,679.7773326
AF,,Ghana,GHA,Ilegal,Unknown,Male,Against nature,Unknown,3 - 7  yrs,No,No,Yes,No,No,No,No,No,No,No,No,No,No,No,24758819718,28526891010,25977847814,32174772956,39566292433,41939728979,63277216929,53601126664,49181854798,55009730600,58996776238,,,0.37655,,,,,,,,,1078.160509,1210.622257,1074.75538,1298.436952,1558.482133,1613.286837,2378.159513,1968.858263,1766.005701,1931.38947,2025.885857
AF,,Guinea,GIN,Ilegal,Unknown,Both,Against nature,Unknown,3 - 7  yrs,No,Yes,Yes,No,No,No,No,No,No,No,No,No,No,No,6281917656,6964179194,6716904569,6853467858,6785137173,7638045254,8376613843,8778473615,8794202444,8603833218,10324668267,,,,,,,,,,,,659.992723,715.0968204,674.0855502,672.4244026,651.1353635,717.0507379,769.0039433,787.2380702,769.2560137,732.9621726,855.5736399
AF,,Guinea-Bissau,GNB,Legal,Equal,NA,NA,NA,NA,No,No,Yes,No,No,No,No,No,No,No,No,No,No,No,695990208.4,864654795.3,826798659.8,849050127.5,1098379392,989327811.8,1045790133,1053512334,1047808175,1178204501,1346841897,,,,,,,,,,,,493.0704969,597.5763927,557.1716148,557.6321326,702.7428804,616.4116862,634.482446,622.4817167,603.1585129,661.0076549,736.7255662
AF,,Kenya,KEN,Ilegal,Unknown,Male,Against nature,Unknown,8 - 13 yrs,No,Yes,Yes,Yes,No,No,No,No,No,No,No,No,No,No,31958195182,35895153328,37021512049,40000088347,41953433591,50412754861,55096728048,61448046802,64007750179,69188755511,78757391333,,,0.78577,,,,,,,,,825.6665976,902.0700258,905.1317861,951.6879611,971.633329,1136.871406,1210.388014,1315.804535,1336.883349,1410.527571,1568.201541
AF,,Lesotho,LSO,Legal,Equal,NA,NA,NA,NA,No,No,Yes,None,No,No,No,No,No,No,No,No,No,No,1716262753,1758534995,1773199523,2394600945,2792049477,2677545056,2533992455,2608269552,2289799040,2314323471,2565352373,,0.2715,,0.1161,,,,,,,,863.7796315,884.9626748,890.9963833,1199.951766,1393.386362,1328.813074,1249.183496,1276.413,1112.081441,1115.336075,1226.61263
AF,,Liberia,LBR,Ilegal,Unknown,Both,Sodomy,Unknown,1 mo - 2 yrs,No,No,Yes,Yes,No,No,No,No,No,No,No,No,No,No,1373000000,1726000000,1768000000,1998000000,2398000000,2721000000,3067000000,3144000000,3177000000,3277826000,3285455000,,,,,,,,,,,,396.6017613,478.3999379,470.9476196,513.4456986,596.8970811,657.9362563,721.9300554,721.1827948,710.3838577,714.6233922,698.7017644
AF,,Libya,LBY,Ilegal,Unknown,Both,Against nature,Morality Code,3 - 7  yrs,No,Yes,Yes,No,No,No,No,No,No,No,No,No,No,No,67516236338,87140405361,63028320702,74773444901,34699395524,81873662519,65502870174,41142722414,27842131480,26197143268,37881431913,,,,,,,,,,,,11300.19134,14382.57629,10275.26656,12064.78069,5554.179164,13025.28139,10363.78949,6466.91027,4337.919139,4035.194316,5756.42314
AF,,Madagascar,MDG,Legal,Unequal,NA,NA,NA,NA,No,No,Yes,No,No,No,No,No,No,No,No,No,No,No,8524620739,10725137931,9616879571,9982711338,11551819618,11578974888,12423555269,12522957228,11323020829,11848613735,13176313594,0.1344,0.14683,0.11324,0.1588,,,0.155,0.155,0.1498,0.146,,438.6552901,536.3514821,467.5397379,471.9592116,531.2655054,518.1528127,541.0660851,530.8612639,467.2352774,475.9553656,515.292739
AF,,Malawi,MWI,Ilegal,Unknown,Both,Against nature,Unknown,8 - 13 yrs,No,Yes,Yes,Yes,No,No,No,No,No,No,No,No,No,No,4432937046,5321012192,6191127665,6959655571,8004000737,6028487929,5518880769,6047813437,6373212641,5433040160,6303292264,,,,,,,,,,,,332.2591444,387.6059753,438.2120429,478.6685897,534.9512647,391.5618324,348.4302696,371.2697496,380.5970331,315.7773264,356.7175732
AF,,Mali,MLI,Legal,Equal,NA,NA,NA,NA,No,No,Yes,No,No,No,No,No,No,No,No,No,No,No,8145694632,9750822511,10181021770,10678749467,12978107561,12442747897,13246412031,14345831015,13099497220,14010787738,15337740141,,,0.5836,,,,,,,0.29274,,596.6901888,690.8824398,698.2183825,709.5819646,836.5098094,778.6694625,805.2596685,847.1503863,751.1705935,779.874933,828.5119764
AF,,Mauritania,MRT,Ilegal,Unknown,Both,Against nature,Unknown,1 mo - 2 yrs,Yes - Not Implemented,Yes,Yes,No,No,No,No,No,No,No,No,No,No,No,3356753170,4031053345,3662279343,4337794153,5166346516,5231255478,5639818812,5391555434,4828858025,4679346591,4905893855,,,,,,,,,,,,1048.160922,1222.925452,1079.233108,1241.428756,1435.635415,1411.35283,1477.361539,1371.58435,1193.400596,1123.888166,1145.547947
AF,,Mauritius,MUS,Ilegal,Unknown,Male,Sodomy,Unknown,3 - 7  yrs,No,No,Yes,Yes,No,Yes,Yes,No,No,No,No,No,No,No,8150138757,9990370016,9128843109,10003670690,11518393367,11668685524,12129642296,12803445934,11692287066,12232463656,13259351418,,,,,0.17773,,,,,0.3642,,6574.654338,8030.063005,7318.12641,8000.376432,9197.026972,9291.227619,9637.00265,10153.93822,9260.447303,9681.618567,10484.90836
AF,,Morocco,MAR,Ilegal,Unknown,Both,Sodomy,Morality Code,3 - 7  yrs,No,Yes,Yes,No,No,No,No,No,No,No,No,No,No,No,79041294874,92507257784,92897320376,93216746662,1.01E+11,98266306615,1.07E+11,1.10E+11,1.01E+11,1.03E+11,1.10E+11,,,0.71454,,,,,,,,,2499.259938,2890.360083,2866.924199,2839.925168,3046.949136,2912.658275,3121.681176,3171.699192,2875.257985,2897.66344,3036.171062
AF,,Mozambique,MOZ,Legal,Equal,NA,NA,NA,NA,No,No,Yes,Yes,No,Yes,No,No,No,No,No,No,No,No,10423424155,12574681498,11899763735,11087646868,14381552433,16350804543,16974320551,17716084108,15950969019,11936999283,13219084261,0.15294,,0.42252,,,,,,,,,480.9335201,564.4794877,519.7604047,471.1816926,594.5864667,657.6453378,664.0782118,673.9699555,589.8590281,428.926488,461.4150941
AF,,Namibia,NAM,Ilegal,Unknown,Male,Sodomy,Unknown,Unknown,No,No,Yes,Yes,No,No,No,No,No,No,No,No,No,No,8740865600,8486721917,8876191121,11282192605,12409629836,13016272899,12717790505,12786078008,11650656642,11286139080,13566192144,,,0.14165,,,,0.33996,0.33996,,,,4356.244512,4153.247938,4265.258745,5324.61704,5753.987148,5930.548473,5694.082634,5624.135341,5032.889762,4786.235303,5646.456008
AF,,Niger,NER,Legal,Unequal,NA,NA,NA,NA,No,No,Yes,No,No,No,No,No,No,No,No,No,No,No,4291363391,5379299888,5373097441,5718664505,6409184724,6942258305,7667952566,8229731384,7217667781,7528285444,8119710126,,,,,,,,,,,,292.2197341,352.7199749,339.1436177,347.3430407,374.4828645,390.1199097,414.3886131,427.737226,360.8533841,362.1311323,375.8694897
AF,,Nigeria,NGA,Ilegal,Unknown,Both,Against nature,Penal Code / Morality Code,8 - 13 yrs,Locally implemented,Yes,Yes,No,No,No,No,No,No,No,No,No,No,No,2.76E+11,3.37E+11,2.92E+11,3.63E+11,4.10E+11,4.59E+11,5.15E+11,5.68E+11,4.95E+11,4.05E+11,3.76E+11,,,,,,,,,,,,1883.461311,2242.871886,1891.33537,2292.445156,2520.404166,2746.991789,2998.072843,3222.693537,2730.430324,2175.99967,1968.559588
AF,,Rwanda,RWA,Legal,Unequal,NA,NA,NA,NA,No,No,Yes,Yes,No,No,No,No,No,No,No,No,No,No,3875655218,4924731466,5450464409,5849863213,6646901208,7428848122,7621924854,8016593394,8277614581,8475622319,9140429058,,,,,,,,,,,,417.9164085,517.0574714,557.1493973,582.6941191,645.7483207,704.1777125,704.9803025,723.2819733,728.0818794,726.3479745,762.9143746
AF,,S?o Tome and  Principe,STP,Legal,Equal,NA,NA,NA,NA,No,No,Yes,None,No,No,No,No,No,No,No,No,No,No,149146923.1,188021168.8,187821029,197454052.1,233213521.7,252560556,302925488.1,348941656.4,318265835.3,347545391.8,375040173.8,,,,,,,,,,,,896.8546188,1098.767934,1067.917334,1094.710636,1263.865523,1340.526507,1577.022329,1782.797756,1595.861423,1710.133948,1811.009633
AF,,Senegal,SEN,Ilegal,Unknown,Both,Against nature,Unknown,3 - 7  yrs,No,Yes,Yes,No,No,No,No,No,No,No,No,No,No,No,14285970085,16949789465,16248212852,16215069256,17878780185,17825417949,18960182371,19770840286,17767704597,19027392876,21081669870,0.36834,,0.54114,,,,,,,,,1222.372918,1411.929332,1317.235687,1278.977754,1371.723353,1330.057448,1375.678754,1394.794743,1218.764246,1269.040407,1367.218948
AF,,Seychelles,SYC,Legal,Equal,NA,NA,NA,NA,No,No,Yes,Yes,No,Yes,No,No,No,No,No,No,No,No,1033561654,967199594,847397850.1,969936525.3,1065826670,1060226126,1328157609,1343007845,1377495054,1427524565,1503168690,,,,,,,,,0.22162,,,12154.82994,11122.86207,9706.95606,10804.68447,12189.09516,12006.68296,14765.67398,14700.33434,14745.34146,15077.83902,15683.6565
AF,,Sierra Leone,SLE,Ilegal,Unknown,Male,Buggey,Unknown,8 - 13 yrs,No,No,Yes,No,No,No,No,No,No,No,No,No,No,No,2158496873,2505458705,2453899847,2578026297,2942546781,3801862611,4920343195,5015157816,4218723875,3674794530,3739577973,,,,,,,,,,,,360.3721418,408.4807421,391.2010053,401.8350014,448.3375255,566.3786569,716.8353047,714.7007124,588.2284527,501.4157129,499.3807078
AF,,Somalia,SOM,Ilegal,Unknown,Both,Sexual Act,Morality Code,3 - 7  yrs,Locally implemented,Yes,Yes,No,No,No,No,No,No,No,No,No,No,No,,,,,,,3892402685,3963532309,4048860871,4198485404,4508845348,,,,,,,,,,,,,,,,,,297.9554718,295.2665004,293.4552357,295.9678516,309.0553548
AF,,South Africa,ZAF,Legal,Equal,NA,NA,NA,NA,No,No,Yes,Yes,Yes,Yes,No,No,Yes,No,Yes,Yes,Yes,Yes,2.99E+11,2.87E+11,2.96E+11,3.75E+11,4.16E+11,3.96E+11,3.67E+11,3.51E+11,3.18E+11,2.96E+11,3.50E+11,0.88816,0.83562,0.7374,0.73451,0.73363,0.72488,0.77115,0.77115,0.8247,,,6095.622439,5760.805287,5862.79734,7328.615629,8007.412846,7501.469984,6832.456891,6433.187277,5734.633629,5272.918425,6132.479841
AF,,South Sudan,SSD,Ilegal,Unknown,Both,Against nature,Unknown,8 - 13 yrs,No,No,Yes,No,No,No,No,No,No,No,No,No,No,No,,14586253366,12231264525,14602072425,14907308934,11931472173,18426469030,13962212837,11997800751,,,,,,,,,,,,,,,1669.492412,1337.882084,1535.708185,1516.403915,1179.739828,1779.469336,1322.820238,1119.651332,,
AF,,Sudan,SDN,Ilegal,Unknown,Both,Sodomy,Unknown,8 - 13 yrs,Yes,No,Yes,No,No,No,No,No,No,No,No,No,No,No,45898948564,54526580232,53150209168,65634109237,67327289320,68125631150,72065940086,82151588419,96741742022,95558220777,1.23E+11,,,,,,,,,,,,1128.41035,1304.533051,1238.180845,1489.876911,1672.103295,1882.24677,1943.916458,2163.155898,2486.745659,2398.10188,3015.02443
AF,,Swaziland,SWZ,Ilegal,Unknown,Male,Sodomy,Unknown,8 - 13 yrs,No,Yes,Yes,Unclear,No,No,No,No,No,No,No,No,No,No,3469363931,3294093360,3580417157,4438778554,4820499498,4886658800,4597702898,4422304977,4073390988,3840677845,4446248678,,,,,,,,,0.27013,,,3327.44188,3137.396111,3385.842921,4168.505183,4496.60038,4527.668982,4230.344051,4038.55723,3689.518704,3447.695698,3953.08897
AF,,Tanzania,TZA,Ilegal,Unknown,Male,Against nature,Morality Code,14 yrs  - life,No,Yes,Yes,No,No,No,No,No,No,No,No,No,No,No,21843529025,27941177435,29081425282,32014249841,34657139495,39650530214,45680532614,49964788814,47378599025,49774021003,53320625959,,,0.3825,,,0.52924,,,,,,552.8395296,687.3904455,695.2167768,743.4037847,781.4370143,867.8676806,970.4169384,1030.092917,947.9334465,966.4746224,1004.841121
AF,,Togo,TGO,Ilegal,Unknown,Male,Against nature,Unknown,3 - 7  yrs,No,No,Yes,No,No,No,No,No,No,No,No,No,No,No,2659095101,3310277927,3365711796,3426022206,3867391618,3873529926,4320427496,4568900620,4179185205,4483932937,4808043653,,,0.25349,,0.22364,,0.27166,0.27166,,,,449.1442328,544.1475234,538.4419516,533.508792,586.3288415,571.8394289,621.2222598,640.0816111,570.6807371,597.0654589,624.5449459
AF,,Tunisia,TUN,Ilegal,Unknown,Both,Against nature,Morality Code,3 - 7  yrs,No,Yes,Yes,No,No,No,No,No,No,No,No,No,No,No,38908069299,44856586316,43454935940,44050929160,45810626509,45044112939,46251061734,47632326088,43173480832,41802653631,39813383484,0.6394,0.7644,0.6926,0.7863,0.6826,0.6771,0.65484,0.65484,0.59989,,,3775.75001,4307.155878,4128.462783,4141.976353,4264.674946,4152.678587,4222.703245,4305.474165,3861.688531,3698.058504,3482.186729
AF,,Uganda,UGA,Ilegal,Unknown,Both,Against nature,Unknown,14 yrs  - life,No,Yes,Yes,Yes,No,No,No,No,No,No,No,No,No,No,12292813603,14239026630,18168902154,20186496527,20176025257,23114293416,24599550624,27291879819,27102650387,24133664285,25995031850,0.32632,0.35331,0.47556,,,,0.1743,0.1743,,,,416.8986194,467.9005703,578.4230564,622.4988457,602.6846514,668.832462,689.1548142,739.373927,709.0210386,608.7057351,631.5227198
AF,,Zambia,ZMB,Ilegal,Unknown,Both,Sodomy,Unknown,14 yrs  - life,No,Yes,Yes,Yes,No,No,No,No,No,No,No,No,No,No,14056957976,17910858638,15328342304,20265556274,23460098340,25503370699,28045460442,27150630607,21243350633,20954754378,25868142077,0.27819,,,,,,,,,,,1124.290586,1394.000608,1159.907762,1489.45907,1672.94983,1763.094184,1878.903489,1763.056239,1337.796315,1280.578447,1534.865371
AF,,Zimbabwe,ZWE,Ilegal,Unknown,Male,Against nature,Unknown,1 mo - 2 yrs,No,Yes,Yes,Yes,No,No,No,No,No,No,No,No,No,No,5291950100,4415702800,9665793300,12041655200,14101920300,17114849900,19091020000,19495519600,19963120600,20548678100,22813010116,,,,,,,,,,,,431.7871883,356.6933497,771.5987859,948.3318545,1093.654002,1304.969802,1430.000818,1434.89934,1445.071062,1464.583529,1602.403507
AS,,Afghanistan,AFG,Ilegal,Unknown,Both,Sexual Act,Unknown,8 - 13 yrs,Yes - Not Implemented,Yes,Yes,Unclear,No,No,No,No,No,No,No,No,No,No,9747886105,10109218068,12439087077,15856574731,17804280538,20001615789,20561054090,20484873230,19907111419,19362642267,20191764940,,,,,,,,,,,,359.69348,364.6604654,438.0760344,543.3030419,591.1623465,641.8720338,637.1650439,613.8563329,578.4663529,547.2281102,556.3021385
AS,,Bahrain,BHR,Legal,Unequal,NA,NA,NA,NA,No,No,Yes,No,No,No,No,No,No,No,No,No,No,No,21730000000,25710877660,22938218085,25713271277,28776622340,30749335106,32539547872,33387686170,31125877660,32250132979,35432686170,,,,,,,0.1116,0.1116,,,,20976.54353,23066.5099,19355.90467,20722.13729,22514.25875,23654.37185,24744.35763,24989.38021,22688.96379,22619.11667,23715.48275
AS,,Bangladesh,BGD,Ilegal,Unknown,Male,Against nature,Unknown,8 - 13 yrs,No,Yes,Yes,Yes,No,No,No,No,No,No,No,No,No,No,79611888213,91631278239,1.02E+11,1.15E+11,1.29E+11,1.33E+11,1.50E+11,1.73E+11,1.95E+11,2.21E+11,2.50E+11,,,,,,,,,,,,558.0518603,634.9870565,702.26441,781.1535936,861.7584443,883.1050005,981.8398792,1118.853663,1248.453398,1401.620628,1563.994082
AS,,Bhutan,BTN,Ilegal,Unknown,Both,Against nature,Unknown,1 mo - 2 yrs,No,No,Yes,No,No,No,No,No,No,No,No,No,No,No,1196091805,1258332337,1264758198,1585472534,1820207626,1823692110,1798333726,1976938530,2059809920,2219675781,2528007911,,,,,,,,,,,,1798.96974,1873.59735,1864.536803,2312.860096,2625.433256,2599.396094,2532.015642,2749.352665,2829.891245,3012.961401,3390.714075
AS,,Brunei Darussalam,BRN,Ilegal,Unknown,Male,Against nature,Unknown,8 - 13 yrs,No,Yes,Yes,No,No,No,No,No,No,No,No,No,No,No,12247694247,14393099069,10732366286,13707370737,18525319978,19048495519,18093829923,17098342541,12930394938,11400854268,12128104859,,,,,,,,,,,,32663.56659,37934.37651,27955.71386,35269.55311,47055.84112,47741.90647,44740.08502,41726.78397,31164.56203,27157.82341,28572.14678
AS,,Cambodia,KHM,Legal,Equal,NA,NA,NA,NA,No,No,Yes,None,No,No,No,No,No,No,No,No,No,No,8639235842,10351914093,10401851851,11242275199,12829541141,14054443213,15227991395,16702610842,18049954289,20159271965,22180376506,,,,,,,,,,,,631.5248421,745.6091807,738.0547836,785.5022829,882.2754926,950.880346,1013.420401,1093.496191,1162.90492,1278.631062,1385.458363
AS,,China,CHN,Legal,Equal,NA,NA,NA,NA,No,No,Yes,None,No,No,No,No,No,No,No,No,No,No,3.55E+12,4.59E+12,5.10E+12,6.09E+12,7.55E+12,8.53E+12,9.57E+12,1.04E+13,1.10E+13,1.11E+13,1.21E+13,1.44469,1.66211,1.7994,1.77539,1.9582,1.9921,2.2114,2.2114,2.1826,2.1286,,2693.969827,3468.304463,3832.235952,4550.453596,5618.132491,6316.918863,7050.64592,7651.366044,8033.388043,8078.790474,8759.041578
AS,,East Timor,TLS,Legal,Equal,NA,NA,NA,NA,No,No,Yes,Unclear,No,No,Yes,Yes,No,No,No,No,No,No,2881040200,4391368100,3199666700,3998961300,5672048700,6661664600,5637671700,4041637000,3092624800,2503532100,2487269400,,,,,,,,,,,,2779.874989,4160.73443,2978.437312,3656.952163,5095.489022,5879.699804,4888.317126,3441.650608,2585.153916,2053.273796,2000.601161
,AS,Gaza (in the Occupied Palestinian Territory),,Ilegal,Unknown,Male,Sexual Act,Unknown,8 - 13 yrs,No,Yes,Yes,No,No,No,No,No,No,No,No,No,No,No,,,,,,,,,,,,,,,,,,,,,,,,,,,,,,,,,
AS,,India,IND,Ilegal,Unknown,Male,Against nature,Unknown,14 yrs  - life,No,Yes,Yes,Yes,No,No,No,No,No,No,No,No,No,No,1.22E+12,1.20E+12,1.34E+12,1.68E+12,1.82E+12,1.83E+12,1.86E+12,2.04E+12,2.10E+12,2.29E+12,2.65E+12,0.8674,0.84444,0.82213,0.83125,,,,,,,,1028.334771,998.522339,1101.96084,1357.563719,1458.103527,1443.879529,1449.605912,1573.881492,1605.605431,1729.268021,1981.268706
AS,,Indonesia (most),IDN,Legal,Unequal,NA,NA,Morality Code,NA,No,No,Yes,Yes,No,No,No,No,No,No,No,No,No,No,4.32E+11,5.10E+11,5.40E+11,7.55E+11,8.93E+11,9.18E+11,9.13E+11,8.91E+11,8.61E+11,9.32E+11,1.02E+12,,0.8332,,,,0.847,,,0.23937,0.2387,,1860.002763,2166.854167,2261.247224,3122.362815,3643.043936,3694.348946,3623.911582,3491.624791,3331.695128,3562.845756,3836.913814
,AS,South Sumatra and Aceh Provinces (Indonesia),,Ilegal,Unknown,Both,Idecency/other,Unknown,14 yrs  - life (Locally Implemented),No,No,Yes,Uknown,No,No,No,No,No,No,No,No,No,No,,,,,,,,,,,,,,,,,,,,,,,,,,,,,,,,,
AS,,Iraq,IRQ,Ilegal,Unknown,Both,Idecency/other,Morality Code,1 mo - 2 yrs,Yes - By non-State actors,Yes,Yes,No,No,No,No,No,No,No,No,No,No,No,88840050497,1.32E+11,1.12E+11,1.39E+11,1.86E+11,2.18E+11,2.35E+11,2.35E+11,1.77E+11,1.75E+11,1.95E+11,0.3435,0.4562,0.3684,0.3476,,,0.3733,0.3733,0.3631,0.436,,3182.947982,4636.610978,3853.940935,4657.280426,6045.495551,6836.027313,7076.554608,6818.804621,4989.803075,4776.726499,5205.288255
AS,,Iran,IRN,Ilegal,Unknown,Both,Sodomy / Indecency/other,Morality Code,Unknown,Yes,Yes,Yes,None,No,No,No,No,No,No,No,No,No,No,3.50E+11,4.06E+11,4.14E+11,4.87E+11,5.84E+11,5.99E+11,4.67E+11,4.34E+11,3.86E+11,4.19E+11,4.54E+11,0.64647,0.27258,0.26442,,0.31655,0.25267,,,,,,4904.666252,5630.442995,5677.888522,6603.212269,7818.057232,7927.647542,6111.440608,5608.602512,4916.085938,5265.906635,5627.749268
AS,,Israel,ISR,Legal,Equal,NA,NA,NA,NA,No,No,Yes,None,No,Yes,No,No,No,No,No,Yes,Yes,No,1.79E+11,2.16E+11,2.07E+11,2.34E+11,2.61E+11,2.57E+11,2.93E+11,3.10E+11,3.00E+11,3.19E+11,3.53E+11,4.34759,4.13391,3.94189,4.129,4.15961,4.871,4.19741,4.19741,4.41568,4.5766,,24924.33095,29567.80388,27715.63681,30693.59308,33669.24647,32511.23785,36309.46883,37678.88977,35776.79517,37321.62404,40541.86209
AS,,Japan,JPN,Legal,Equal,NA,NA,NA,NA,No,No,Yes,None,No,No,Yes,No,No,No,No,No,No,No,4.52E+12,5.04E+12,5.23E+12,5.70E+12,6.16E+12,6.20E+12,5.16E+12,4.85E+12,4.39E+12,4.93E+12,4.86E+12,3.33718,3.2314,3.1378,3.24477,3.298,3.31496,3.422,3.422,3.1481,3.2451,,35275.22843,39339.29757,40855.17564,44507.67639,48167.99727,48603.47665,40454.44746,38109.41211,34524.46986,38794.33094,38331.9794
AS,,Jordan,JOR,Legal,Equal,NA,NA,Morality Code,NA,No,No,Yes,No,No,No,No,No,No,No,No,No,No,No,17350521862,22279907003,24154000000,26795901408,29244647887,31371056338,34064873239,36329267606,38043450704,39196676056,40708943662,0.4347,,,,,,,,0.71774,,,2773.740242,3398.151722,3504.00246,3690.113268,3816.279258,3877.339345,3998.027473,4072.765475,4105.448961,4103.7336,4162.820687
AS,,Kazakhstan,KAZ,Legal,Equal,NA,NA,NA,NA,No,No,Yes,Yes,No,No,No,No,No,No,No,No,No,No,1.05E+11,1.33E+11,1.15E+11,1.48E+11,1.93E+11,2.08E+11,2.37E+11,2.21E+11,1.84E+11,1.37E+11,1.67E+11,0.21654,0.22924,0.15341,0.15349,0.16525,0.17132,0.16722,0.16722,0.14179,0.13255,,6771.414797,8513.564645,7165.223175,9070.488253,11634.0019,12386.7,13890.63177,12807.26069,10510.77189,7714.841844,9247.581331
AS,,Kuwait,KWT,Ilegal,Unknown,Male,Sexual Act,Morality Code,3 - 7  yrs,No,Yes,Yes,None,No,No,No,No,No,No,No,No,No,No,1.15E+11,1.47E+11,1.06E+11,1.15E+11,1.54E+11,1.74E+11,1.74E+11,1.63E+11,1.15E+11,1.09E+11,1.21E+11,0.855,0.1122,0.114,0.9898,0.9721,0.3153,0.4275,0.4275,0.7878,0.879,,45782.27656,55494.95099,37561.67267,38577.38166,48618.88229,51978.99848,49388.20939,44062.4003,29869.52939,27653.1644,29759.53245
AS,,Kyrgyzstan,KGZ,Legal,Equal,NA,NA,NA,NA,No,No,Yes,Yes,No,No,No,No,No,No,No,No,No,No,3802566171,5139957785,4690062255,4794357795,6197766119,6605139933,7335027592,7468096567,6678178340,6813092066,7702934800,0.1917,0.15997,0.15547,0.15633,0.1661,0.14914,0.12536,0.12536,0.11121,0.193,,721.7686908,966.3936272,871.2243893,880.0377751,1123.883168,1177.974735,1282.437162,1279.769783,1121.082835,1120.666513,1242.769643
AS,,Laos,LAO,Legal,Equal,NA,NA,NA,NA,No,No,Yes,None,No,No,No,No,No,No,No,No,No,No,4222962988,5443915121,5832915387,7127792630,8749241114,10191350120,11942230508,13268458232,14390442307,15805692546,16853087485,,,,,,,,,,,,710.344815,900.3236718,948.6539323,1140.599205,1378.361365,1581.395403,1825.665113,1998.335215,2134.711796,2308.800482,2423.846203
AS,,Lebanon,LBN,Ilegal,Unknown,Male,Against nature,Morality Code,1 mo - 2 yrs,No,Yes,Yes,None,No,No,No,No,No,No,No,No,No,No,24873482492,29227542760,35477299024,38419626534,40075674295,44230727695,46866579768,48296099502,49973893201,51239050083,53393799668,,,,,,,,,,,,5217.471718,6134.13043,7371.100639,7756.744069,7703.389472,7985.854941,7923.851717,7712.062848,7649.832611,7634.946544,7838.343385
AS,,Malaysia,MYS,Ilegal,Unknown,Both,Against nature,Unknown,8 - 13 yrs,No,Yes,Yes,Unclear,No,No,No,No,No,No,No,No,No,No,1.94E+11,2.31E+11,2.02E+11,2.55E+11,2.98E+11,3.14E+11,3.23E+11,3.38E+11,3.01E+11,3.01E+11,3.19E+11,0.78847,1.11,1.368,1.3342,1.9269,,1.26275,1.26275,1.4377,,,7243.455987,8474.586829,7292.494447,9040.566251,10399.37275,10817.44287,10970.12328,11319.07976,9955.242127,9817.740861,10254.23402
AS,,Maldives,MDV,Ilegal,Unknown,Both,Sexual Act,Unknown,14 yrs  - life,No,Yes,Yes,No,No,No,No,No,No,No,No,No,No,No,1868383461,2271646188,2345294875,2588176055,2774351760,2886170572,3295011382,3697351597,4109424800,4379136462,4735989972,,,,,,,,,,,,5574.451876,6614.159147,6636.412416,7076.662423,7291.42764,7265.613656,7928.457365,8499.365762,9033.390413,9209.288625,9540.634349
AS,,Mongolia,MNG,Legal,Equal,NA,NA,NA,NA,No,No,Yes,Yes,No,No,Yes,No,No,No,No,No,No,No,4234999823,5623216449,4583850368,7189481824,10409797649,12292770631,12582122604,12226514722,11749620620,11186734674,11425755280,0.33667,0.3478,0.24438,0.2354,0.23913,0.23246,0.2234,0.2234,0.18342,0.13412,,1632.726952,2136.563214,1714.360545,2643.292914,3757.558633,4351.88692,4366.075901,4158.525715,3918.579174,3660.150746,3669.41754
AS,,Myanmar,MMR,Ilegal,Unknown,Male,Against nature,Unknown,8 - 13 yrs,No,Yes,Yes,Yes,No,No,No,No,No,No,No,No,No,No,20182477481,31862554102,36906181381,49540813342,59977326086,59937797559,60269734045,65446199788,59687410897,63256184700,66719084253,,,,,,,,,,0.382,,406.7286892,638.1490599,734.4460067,979.05163,1176.242453,1165.794329,1162.33144,1251.820765,1133.002816,1192.495338,1249.828746
AS,,Nepal,NPL,Legal,Equal,NA,NA,NA,NA,No,No,Yes,Yes,Yes,No,No,No,No,No,No,No,No,No,10325618017,12545438605,12854985464,16002656434,18913574371,18851513891,19271168018,20002968838,21410840909,21185922408,25180583770,0.5439,0.25924,0.322,,,,,,,,,391.3801314,470.4555473,478.1731816,592.4010975,699.4293377,698.4664794,715.923743,743.4133813,792.5528906,777.1475955,911.4442665
AS,,North Korea,PRK,Legal,Equal,NA,NA,NA,NA,No,No,Yes,None,No,No,No,No,No,No,No,No,No,No,,,,,,,,,,,,,,,,,,,,,,,,,,,,,,,,,
AS,,Oman,OMN,Ilegal,Unknown,Both,Sexual Act,Unknown,14 yrs  - life,No,Yes,Yes,No,No,No,No,No,No,No,No,No,No,No,42085305592,60905331599,48388296489,58642392718,67937581274,76689206762,78784395319,81076723017,68921456437,65941482445,70597919376,,,,0.13645,0.2837,0.16923,0.21253,0.21253,0.25511,0.22178,,15838.46561,22139.64041,16823.77165,19281.16563,20896.74698,21923.54802,20926.55405,20131.9813,16150.88726,14721.64733,15130.49783
AS,,Pakistan,PAK,Ilegal,Unknown,Male,Against nature,Unknown,8 - 13 yrs,Yes - Not Implemented,Yes,Yes,Yes,No,No,No,No,No,No,No,No,No,No,1.52E+11,1.70E+11,1.68E+11,1.77E+11,2.14E+11,2.24E+11,2.31E+11,2.44E+11,2.71E+11,2.79E+11,3.05E+11,,0.4486,,0.32917,,0.29285,,,,0.23597,,908.0950906,990.8465996,957.9956808,987.409723,1164.976129,1198.109001,1208.90431,1251.164104,1356.667756,1368.454326,1464.993305
AS,,Philippines,PHL,Legal,Equal,NA,NA,NA,NA,No,No,Yes,Yes,No,No,Yes,No,No,No,No,No,No,No,1.49E+11,1.74E+11,1.68E+11,2.00E+11,2.24E+11,2.50E+11,2.72E+11,2.85E+11,2.93E+11,3.05E+11,3.14E+11,,0.11396,,0.11726,,0.13793,,,,,,1670.590155,1916.296708,1821.523941,2124.05677,2345.327754,2572.629425,2749.386636,2831.316667,2867.15199,2941.21204,2981.934151
AS,,Qatar,QAT,Ilegal,Unknown,Both,Unknown,Morality Code,3 - 7  yrs,Yes - Not Implemented,Yes,Yes,No,No,No,No,No,No,No,No,No,No,No,79712087912,1.15E+11,97798351648,1.25E+11,1.68E+11,1.87E+11,1.99E+11,2.06E+11,1.62E+11,1.52E+11,1.67E+11,,,,,0.4786,,,,,,,65421.75277,80234.47007,59094.44494,67403.1603,82409.58033,85076.14793,85050.91097,83858.52838,63039.01655,57163.06099,61264.39648
AS,,Saudi Arabia,SAU,Ilegal,Unknown,Both,Sexual Act,Morality Code,Unknown,Yes,Yes,Yes,No,No,No,No,No,No,No,No,No,No,No,4.16E+11,5.20E+11,4.29E+11,5.28E+11,6.71E+11,7.36E+11,7.47E+11,7.56E+11,6.54E+11,6.45E+11,6.89E+11,0.492,0.7338,0.884,0.89784,0.87684,0.81516,,,,,,16516.62362,20078.25779,16113.14249,19262.54768,23745.80161,25243.3587,24844.74437,24463.90316,20627.93278,19879.29753,20803.74257
AS,,Singapore,SGP,Ilegal,Unknown,Male,Idecency/other,Unknown,1 mo - 2 yrs,No,No,Yes,None,No,No,No,No,No,No,No,No,No,No,1.81E+11,1.94E+11,1.94E+11,2.40E+11,2.79E+11,2.95E+11,3.08E+11,3.15E+11,3.08E+11,3.18E+11,3.38E+11,2.6281,2.15925,2.1297,2.14585,1.9944,1.98597,2.15996,2.15996,2.22448,,,39432.93835,40007.46926,38927.20688,47236.96023,53890.42873,55546.48854,56967.42579,57562.53079,55646.61875,56724.17039,60297.79378
AS,,South Korea,KOR,Legal,Equal,NA,NA,NA,NA,No,No,Yes,Yes,No,Yes,Yes,No,No,No,No,No,No,No,1.12E+12,1.00E+12,9.02E+11,1.09E+12,1.20E+12,1.22E+12,1.31E+12,1.41E+12,1.38E+12,1.41E+12,1.53E+12,3.12343,3.29324,3.46594,3.74361,4.2554,4.14853,4.28874,4.28874,4.22744,4.55324,,23060.70788,20430.63946,18291.9196,22086.95292,24079.78852,24358.78218,25890.01867,27811.36638,27105.07623,27608.24743,29742.83886
AS,,Sri Lanka,LKA,Ilegal,Unknown,Both,Against nature,Unknown,8 - 13 yrs,No,No,Yes,Yes,No,No,No,No,No,No,No,No,No,No,32350248411,40713812310,42066217872,56725749222,65292753005,68434409315,74317806538,79356449841,80604080689,82401038710,88019706804,0.11444,,0.13687,,,0.181,0.9989,0.9989,,,,1630.388906,2037.322103,2090.401826,2799.648876,3200.833829,3350.521876,3610.289363,3819.25353,3843.780672,3886.291502,4104.630983
AS,,Syria,SYR,Ilegal,Unknown,Both,Against nature,Morality Code,3 - 7  yrs,Yes - By non-State actors,Yes,Yes,No,No,No,No,No,No,No,No,No,No,No,40405006007,,,,,,,,,,,,,,,,,,,,,,2032.623489,,,,,,,,,,
AS,,Taiwan,,Legal,Equal,NA,NA,NA,NA,No,No,Yes,Yes,No,Yes,No,No,No,No,No,Yes,No,No,,,,,,,,,,,,,,,,,,,,,,,,,,,,,,,,,
AS,,Tajikistan,TJK,Legal,Equal,NA,NA,NA,NA,No,No,Yes,No,No,No,No,No,No,No,No,No,No,No,3719506173,5161337336,4979481980,5642178580,6522732203,7633049792,8448469838,9112544556,7854602392,6952678127,7157865188,0.6983,0.8577,0.8914,0.12148,0.11432,0.1177,0.11468,0.11468,0.1685,0.11556,,526.6429154,715.8651105,676.1234193,749.552711,847.3821018,969.2964731,1048.227293,1104.171689,929.0958572,802.5180041,806.0415731
AS,,Thailand,THA,Legal,Equal,NA,NA,NA,NA,No,No,Yes,Yes,No,Yes,Yes,No,No,No,No,No,No,No,2.63E+11,2.91E+11,2.82E+11,3.41E+11,3.71E+11,3.98E+11,4.20E+11,4.07E+11,4.01E+11,4.12E+11,4.55E+11,0.2331,0.23455,,0.36146,,0.44164,0.47988,0.47988,0.78133,,,3973.019618,4379.659877,4213.001541,5076.342992,5492.115427,5860.58061,6168.264895,5951.883702,5840.046948,5978.611454,6578.188865
AS,,Turkmenistan,TKM,Ilegal,Unknown,Male,Sexual Act,Unknown,1 mo - 2 yrs,No,Yes,Yes,No,No,No,No,No,No,No,No,No,No,No,12664165103,19271523179,20214385965,22583157895,29233333333,35164210526,39197543860,43524210526,35799714286,36180000000,37926285714,,,,,,,,,,,,2600.369292,3904.463719,4036.455999,4439.200382,5649.952278,6675.185658,7304.287132,7962.239098,6432.680702,6389.548408,6587.090316
AS,,Vietnam,VNM,Legal,Equal,NA,NA,NA,NA,No,No,Yes,None,No,No,No,No,No,No,No,No,No,No,77414425532,99130304099,1.06E+11,1.16E+11,1.36E+11,1.56E+11,1.71E+11,1.86E+11,1.93E+11,2.05E+11,2.24E+11,,,,0.1944,,0.37359,,,,0.52654,,906.2841981,1149.424642,1217.268555,1317.890706,1525.115988,1735.141276,1886.671896,2030.261955,2085.101484,2192.214539,2365.621666
AS,,United Arab Emirates,ARE,Ilegal,Unknown,Both,Against nature,Unknown,8 - 13 yrs,Yes - Not Implemented,Yes,Yes,No,No,No,No,No,No,No,No,No,No,No,2.58E+11,3.15E+11,2.54E+11,2.90E+11,3.51E+11,3.75E+11,3.90E+11,4.03E+11,3.58E+11,3.57E+11,3.78E+11,,,,0.48622,,,0.6936,0.6936,0.96366,,,41809.51638,44498.93423,32024.1816,33893.30351,39194.67662,40976.49971,42412.63028,43751.83889,38663.38381,38141.84676,39811.6347
AS,,Uzbekistan,UZB,Ilegal,Unknown,Male,Sexual Act,Unknown,3 - 7  yrs,No,Yes,Yes,No,No,No,No,No,No,No,No,No,No,No,22311393928,29549438884,33689223673,46679875794,56516280748,63628854499,68997168338,76658542757,81847410182,81779012351,59159945321,0.19354,0.2315,0.19523,0.19499,0.221,0.19662,0.19644,0.19644,0.22139,0.1893,,830.4076942,1082.286025,1213.265328,1634.312095,1926.292997,2137.025122,2281.410973,2492.336643,2615.025134,2567.799207,1826.566919
,AS,West Bank in the Occupied Palestinian Territory,PSE,Legal,Equal,NA,NA,NA,NA,No,No,Yes,Unclear,No,No,No,No,No,No,No,No,No,No,,,,,,,,,,,,,,,,,,,,,,,1575.5634,1857.890515,1970.182963,2354.125987,2695.193853,2834.021525,3060.312389,3046.821798,2967.851747,3074.291152,3254.485887
AS,,Yemen,YEM,Ilegal,Unknown,Both,Sexual Act,Unknown,Unknown,Yes,Yes,Yes,No,No,No,No,No,No,No,No,No,No,No,21650532264,26910851362,25130274124,30906749533,32726417878,35401339869,40415233436,43228585321,42628328212,30968242968,26818703093,,,,,,,,,,,,1017.292001,1229.246843,1116.084594,1334.784845,1374.621313,1446.53628,1607.152275,1674.002766,1608.744312,1139.870568,963.494721
EU,,Albania,ALB,Legal,Equal,NA,NA,NA,NA,No,No,Yes,Yes,No,Yes,Yes,Yes,Yes,No,No,No,No,No,10677321490,12881353985,12044223458,11926962835,12890867536,12319784701,12776277649,13228244336,11386927679,11861353752,13025064967,0.15412,,,,,,,,,,,3595.037163,4370.540087,4114.14015,4094.362119,4437.178067,4247.614279,4413.081743,4578.66672,3952.829458,4124.108907,4532.890162
EU,,Andorra,AND,Legal,Equal,NA,NA,NA,NA,No,No,Yes,None,No,Yes,No,Yes,Yes,No,No,Yes,Yes,Yes,4016972351,4007353157,3660530703,3355695364,3442062830,3164615187,3281585236,3350736367,2811489409,2877311947,3013387424,,,,,,,,,,,,48582.22088,47785.08927,43338.86676,39736.35406,41100.72994,38392.9439,40626.75163,42300.33413,36039.6535,37224.10892,39134.39337
EU,,Armenia,ARM,Legal,Equal,NA,NA,NA,NA,No,No,Yes,No,No,No,No,No,No,No,No,No,No,No,9206301700,11662040714,8647936748,9260284938,10142111334,10619320049,11121465767,11609512940,10553337673,10546135160,11527458566,0.22438,0.2993,0.24139,0.2714,0.23853,0.22216,0.24151,0.24151,0.2335,0.2277,,3139.277499,4010.857243,2994.342544,3218.372707,3525.804747,3681.857456,3838.185801,3986.231624,3607.296697,3591.829276,3914.501268
EU,,Austria,AUT,Legal,Equal,NA,NA,NA,NA,No,No,Yes,Yes,No,Yes,Yes,Yes,Yes,No,No,Yes,Yes,Yes,3.89E+11,4.30E+11,4.00E+11,3.92E+11,4.31E+11,4.09E+11,4.30E+11,4.42E+11,3.82E+11,3.95E+11,4.17E+11,2.56945,2.59674,2.7261,2.66868,2.91472,2.95492,3.856,3.856,3.15124,3.15925,,46855.77175,51708.76575,47963.1794,46858.04327,51374.95841,48567.69529,50716.70871,51717.49594,44178.04738,45237.80509,47431.63061
EU,,Azerbaijan,AZE,Legal,Equal,NA,NA,NA,NA,No,No,Yes,No,No,No,No,No,No,No,No,No,No,No,33050343783,48852482960,44291490421,52902703376,65951627200,69683935845,74164435946,75244294275,53074468085,37867518957,40865558912,0.16554,0.24976,0.21848,0.2184,0.21427,0.2969,0.2978,0.2978,0.2637,0.18521,,3851.437869,5574.603802,4950.294791,5842.805784,7189.691229,7496.294648,7875.756953,7891.313147,5500.320497,3880.738731,4147.089716
EU,,Belarus,BLR,Legal,Equal,NA,NA,NA,NA,No,No,Yes,No,No,No,No,No,No,No,No,No,No,No,45277399814,60763483146,50874078052,58665088956,61757788945,65685102555,75527984234,78813839984,56454734397,47722657821,54726595249,0.74147,0.64269,0.66913,0.6776,0.6463,0.65191,0.5548,0.5548,0.563,0.58716,,4735.657608,6377.369732,5351.355382,6181.399916,6519.230195,6940.159254,7978.872615,8318.51269,5949.106307,5022.626643,5761.74712
EU,,Belgium,BEL,Legal,Equal,NA,NA,NA,NA,No,No,Yes,Yes,No,Yes,Yes,Yes,Yes,No,Yes,No,Yes,Yes,4.70E+11,5.15E+11,4.81E+11,4.81E+11,5.23E+11,4.96E+11,5.22E+11,5.35E+11,4.62E+11,4.76E+11,5.03E+11,1.92413,1.98537,2.581,2.15533,2.27334,2.33393,2.38746,2.38746,2.5573,2.6617,,44262.896,48106.89292,44583.54481,44141.87814,47348.52502,44673.11588,46744.66254,47700.54036,40991.80814,42012.0999,44219.562
EU,,Bosnia and Herzegovina,BIH,Legal,Equal,NA,NA,NA,NA,No,No,Yes,Yes,No,Yes,Yes,No,Yes,No,No,No,No,No,15778767670,19112739664,17613836210,17176781337,18644723861,17226849297,18178503835,18558343508,16211540686,16913330694,18080118128,0.1842,0.216,,,0.26533,0.32132,0.25725,0.25725,0.21597,0.19951,,4193.373652,5090.932345,4714.702495,4635.517779,5092.551943,4778.636088,5131.394506,5329.635045,4727.277381,4994.68314,5394.59122
EU,,Bulgaria,BGR,Legal,Equal,NA,NA,NA,NA,No,No,Yes,Yes,No,Yes,Yes,No,Yes,No,No,No,No,No,44411476557,54409138498,51884481410,50610058210,57418414504,53903022339,55555171010,56814543481,50201314895,53240950226,58220973783,0.44787,0.4947,0.56387,0.53191,0.6479,0.63491,0.79492,0.79492,0.786,0.7779,,5885.949252,7261.754492,6969.558557,6843.26695,7813.806692,7378.02473,7646.839866,7864.760672,6993.783483,7469.455638,8228.01157
EU,,Croatia,HRV,Legal,Equal,NA,NA,NA,NA,No,No,Yes,Yes,No,Yes,Yes,Yes,Yes,No,No,Yes,No,No,60182977533,70288911413,62666161453,59807966533,62354235671,56494436183,58056951042,57642879510,49530656285,51596929180,55319620158,0.88413,0.84425,0.74265,0.757,0.757,0.81117,0.78324,0.78324,0.86748,0.876,,13962.86487,16309.44842,14555.98765,13923.63705,14566.62973,13238.11795,13642.19778,13600.18618,11782.90255,12360.47326,13412.34195
EU,,Cyprus,CYP,Legal,Equal,NA,NA,NA,NA,No,No,Yes,Yes,No,Yes,Yes,No,Yes,No,No,Yes,No,No,23968764030,27844698989,25945391775,25732432719,27565469098,24978513427,23900872626,23128114787,19779150116,20890936462,22638608224,0.3861,0.44442,0.44663,0.45554,0.43778,0.48218,0.5847,0.5847,0.54237,0.56574,,31244.92801,35391.04006,32105.86748,30818.47993,32233.64339,28984.94455,27942.30127,27407.15286,23217.48415,24019.13787,25760.7627
EU,,Czech Republic,CZE,Legal,Equal,NA,NA,NA,NA,No,No,Yes,Yes,No,Yes,Yes,No,No,No,No,Yes,No,No,1.89E+11,2.36E+11,2.06E+11,2.07E+11,2.28E+11,2.07E+11,2.09E+11,2.08E+11,1.87E+11,1.95E+11,2.16E+11,1.23933,1.29438,1.33688,1.55571,1.78231,1.89973,1.97285,1.97285,1.6783,1.79235,,18373.649,22698.85396,19741.59763,19808.07109,21717.45794,19729.87051,19916.01939,19744.55861,17715.61685,18463.38658,20379.89604
EU,,Denmark,DNK,Legal,Equal,NA,NA,NA,NA,No,No,Yes,Yes,No,Yes,Yes,Yes,Yes,No,Yes,No,Yes,Yes,3.19E+11,3.53E+11,3.21E+11,3.22E+11,3.44E+11,3.27E+11,3.44E+11,3.53E+11,3.03E+11,3.13E+11,3.29E+11,2.77346,3.5514,2.9177,2.94465,2.98125,2.9748,2.9144,2.9144,3.1739,3.128,,58487.05497,64322.0635,58163.27688,58041.39844,61753.64713,58507.50805,61191.1937,62548.98473,53254.856,54663.99837,57141.05984
EU,,Estonia,EST,Legal,Equal,NA,NA,NA,NA,No,No,Yes,Yes,No,Yes,Yes,No,Yes,No,No,Yes,No,Yes,22445582946,24371299985,19744110447,19685033799,23394843529,23192709239,25271407239,26773472962,23048864243,23996451498,26792757827,1.25952,1.39541,1.58162,2.3655,2.12265,1.72216,1.4563,1.4563,1.28134,1.323,,16741.93912,18227.12008,14794.97079,14784.38108,17624.04414,17534.42154,19174.10073,20367.10266,17522.23019,18237.29584,20337.84973
EU,,Finland,FIN,Legal,Equal,NA,NA,NA,NA,No,No,Yes,Yes,No,Yes,Yes,Yes,Yes,No,Yes,No,Yes,Yes,2.56E+11,2.85E+11,2.52E+11,2.49E+11,2.75E+11,2.58E+11,2.71E+11,2.74E+11,2.35E+11,2.41E+11,2.54E+11,3.5478,3.74883,3.72598,3.63881,3.41948,3.28719,3.16931,3.16931,2.74645,2.76179,,48414.84509,53554.03892,47293.99283,46459.97325,51081.99767,47710.79022,49878.04324,50260.29986,42811.21299,43777.44009,46191.93116
EU,,France,FRA,Legal,Equal,NA,NA,NA,NA,No,No,Yes,Yes,No,Yes,Yes,Yes,Yes,No,Yes,Yes,Yes,Yes,2.66E+12,2.92E+12,2.69E+12,2.64E+12,2.86E+12,2.68E+12,2.81E+12,2.85E+12,2.44E+12,2.47E+12,2.59E+12,2.6117,2.2127,2.17857,2.19161,2.2277,2.2373,2.27592,2.27592,2.2485,2.18868,,41508.43399,45334.11444,41575.41875,40638.334,43790.73205,40874.70351,42592.93409,43008.64738,36613.37522,36962.22229,38679.12715
EU,,Georgia,GEO,Legal,Equal,NA,NA,NA,NA,No,No,Yes,Yes,No,Yes,Yes,Yes,No,No,No,No,No,No,10172882371,12795076469,10766836277,12243505583,15107441447,16488403076,17189491403,17627060089,14953950557,15141758567,16242956764,,,,,,0.8367,0.1849,0.1849,0.314,0.28955,,2635.353882,3324.735879,2822.66743,3233.295943,4021.743306,4421.818242,4623.729554,4739.203565,4014.185944,4062.169888,4357.011625
EU,,Germany,DEU,Legal,Equal,NA,NA,NA,NA,No,No,Yes,Yes,No,Yes,Yes,No,No,No,No,Yes,No,Yes,3.42E+12,3.73E+12,3.40E+12,3.40E+12,3.74E+12,3.53E+12,3.73E+12,3.88E+12,3.36E+12,3.47E+12,3.66E+12,2.59712,2.72644,2.71367,2.79562,2.86813,2.8215,2.87289,2.87289,2.93168,3.3529,,41587.2129,45427.15168,41485.90165,41531.9342,46644.77603,43858.36306,46285.76407,47959.99327,41139.54457,42098.92045,44240.04411
EU,,Greece,GRC,Legal,Unequal,NA,NA,NA,NA,No,No,Yes,Yes,No,Yes,Yes,Yes,Yes,No,No,Yes,No,No,3.18E+11,3.54E+11,3.30E+11,2.99E+11,2.88E+11,2.46E+11,2.40E+11,2.37E+11,1.97E+11,1.95E+11,2.03E+11,0.66183,0.62557,0.59838,0.67196,0.69957,0.81131,0.8333,0.8333,1.7,1.14384,,28827.32636,31997.28201,29710.9703,26917.75898,25916.29353,22242.68193,21874.8195,21760.9798,18167.77372,18116.45962,18883.46007
EU,,Hungary,HUN,Legal,Equal,NA,NA,NA,NA,No,No,Yes,Yes,No,Yes,Yes,Yes,Yes,No,No,Yes,No,No,1.40E+11,1.58E+11,1.31E+11,1.31E+11,1.41E+11,1.28E+11,1.35E+11,1.41E+11,1.25E+11,1.28E+11,1.42E+11,0.9796,1.13212,1.13945,1.18897,1.26362,1.3889,1.35339,1.35339,1.266,1.35467,,13918.96019,15753.47328,13046.48101,13113.52596,14150.96673,12918.24752,13687.2461,14246.1098,12651.56834,12992.37567,14457.60876
EU,,Iceland,ISL,Legal,Equal,NA,NA,NA,NA,No,No,Yes,None,No,Yes,Yes,No,Yes,No,Yes,No,Yes,Yes,21514962937,17905251832,13164652894,13683689802,15158548597,14724078264,16033517529,17758089312,17344165907,20716024757,24489493459,2.52222,2.63933,,2.48344,,1.75515,1.99923,1.99923,2.754,2.17877,,69054.2708,56409.77346,41333.41987,43024.92384,47516.87574,45910.0209,49522.23697,54242.05468,52428.59576,61757.94931,71314.7742
EU,,Ireland,IRL,Legal,Equal,NA,NA,NA,NA,No,No,Yes,Yes,No,Yes,Yes,No,Yes,No,Yes,No,Yes,Yes,2.70E+11,2.75E+11,2.36E+11,2.22E+11,2.37E+11,2.25E+11,2.39E+11,2.58E+11,2.92E+11,3.01E+11,3.35E+11,1.38776,1.6823,1.59294,1.5549,1.55723,1.5627,1.5172,1.5172,1.15245,1.4382,,61359.74138,61262.10056,52105.15248,48715.17686,51848.90973,48917.89756,51590.18845,55492.98268,61995.42278,63197.08237,69649.88274
EU,,Italy,ITA,Legal,Equal,NA,NA,NA,NA,No,No,Yes,Yes,No,Yes,No,No,No,No,No,Yes,No,No,2.21E+12,2.40E+12,2.19E+12,2.13E+12,2.29E+12,2.09E+12,2.14E+12,2.16E+12,1.84E+12,1.88E+12,1.96E+12,1.16367,1.22126,1.22311,1.2984,1.2787,1.3768,1.3431,1.3431,1.37848,1.3629,,37822.66524,40778.34274,37079.75867,36000.52012,38599.06221,35053.52624,35549.9747,35518.41529,30230.2263,30936.12544,32326.84175
EU,,Kosovo,XKX,Legal,Equal,NA,NA,NA,NA,No,No,Yes,Yes,Yes,Yes,Yes,Yes,No,No,No,No,No,No,4655899261,5687361945,5653823284,5830415894,6692431193,6499759733,7071982209,7386883375,6440067650,6714726770,7227700023,,,,,,,,,,,,2685.986222,3254.788415,3209.71146,3283.483451,3736.700833,3600.575965,3876.970676,4054.71697,3574.24112,3697.129595,3948.05267
EU,,Latvia,LVA,Legal,Equal,NA,NA,NA,NA,No,No,Yes,Yes,No,Yes,No,No,No,No,No,No,No,No,30897981124,35657998831,26250900751,23796118301,28246551197,28170812352,30276485436,31382780146,27090019663,27734140217,30198231776,0.58139,0.45271,0.6178,0.69662,0.66424,0.6122,0.6893,0.6893,0.44292,0.51347,,14042.46242,16376.99836,12257.21657,11344.69337,13713.85531,13847.78511,15043.11756,15740.32675,13698.93795,14153.41492,15548.08231
EU,,Liechtenstein,LIE,Legal,Equal,NA,NA,NA,NA,No,No,Yes,None,No,No,No,No,No,No,No,Yes,No,No,4601299567,5081432924,4504549214,5082366478,5739977477,5456009385,6391735894,6657170923,6268391521,6214633651,,,,,,,,,,,,,130655.637,143255.9816,126082.4926,141200.38,158156.5998,149010.2249,173058.3174,178845.631,167290.94,165028.245,
EU,,Lithuania,LTU,Legal,Equal,NA,NA,Penal Code,1 mo - 2 yrs,No,No,Yes,Yes,No,Yes,Yes,Yes,Yes,No,No,No,No,No,39738180077,47850551149,37440673478,37024718365,43419061504,42826586830,46450990764,48485169331,41392396558,43021972485,47632961168,0.78844,0.82967,0.78348,0.939,0.89469,0.9588,1.348,1.348,0.84724,0.8925,,12297.91535,14961.56818,11837.39103,11953.93844,14338.64351,14333.94934,15705.16399,16534.48198,14249.11497,14999.47964,16840.93857
EU,,Luxembourg,LUX,Legal,Equal,NA,NA,NA,NA,No,No,Yes,Yes,No,Yes,Yes,Yes,Yes,No,Yes,No,Yes,Yes,50888134410,55849686539,51370543206,53212476812,60004630234,56677961787,61739352212,66103853237,57744457955,60691483443,64023412340,1.62293,1.6775,1.5257,1.46277,1.27267,1.3266,1.25978,1.25978,1.3252,1.2543,,106018.4928,114293.8433,103198.6693,104965.3061,115761.5077,106749.0136,113625.1329,118823.6484,101376.4966,104278.391,107361.3069
EU,,Macedonia(FYROM),MKD,Legal,Equal,NA,NA,NA,NA,No,No,Yes,No,No,No,Yes,No,No,No,No,No,No,No,8336478142,9909548411,9401731496,9407168702,10494632699,9745251126,10817712139,11362272838,10064515432,10672471861,11279509014,0.22358,0.19679,0.21634,0.22276,0.32676,0.43894,0.51646,0.51646,0.43287,0.35343,,4036.20277,4793.443669,4544.008835,4542.899717,5063.786986,4698.141294,5210.67583,5468.480869,4840.273123,5129.15896,5417.642019
EU,,Malta,MLT,Legal,Equal,NA,NA,NA,NA,No,No,Yes,Yes,Yes,Yes,Yes,Yes,Yes,Yes,No,Yes,Yes,No,7880509171,8977149553,8528202278,8749171417,9510019135,9209873466,10154463059,11303729347,10715545899,11452895367,12768671650,0.53331,0.5174,0.6667,0.67331,0.82639,0.77284,0.71499,0.71499,0.5757,0.54929,,19375.5696,21928.70067,20675.58259,21107.36443,22845.90489,21926.80837,23838.6144,26012.01531,24077.01082,25151.51962,27283.54473
EU,,Moldova,MDA,Legal,Equal,NA,NA,NA,NA,No,No,Yes,Yes,No,Yes,No,No,No,No,No,No,No,No,4401189466,6054849885,5439422031,6974960426,8414360571,8709165249,9496684622,9510219299,7745231660,8071480541,9669759987,0.53463,0.52557,0.43987,0.4499,0.41733,0.35419,0.3755,0.3755,0.32888,0.3186,,1230.444564,1695.985075,1525.526119,1958.13372,2363.593725,2446.725316,2668.683009,2674.116332,2179.233625,2272.405707,2724.493093
EU,,Monaco,MCO,Legal,Equal,NA,NA,NA,NA,No,No,Yes,No,No,No,No,Yes,Yes,No,No,No,No,No,5867916781,6476490406,5451653237,5362649007,6080344732,5743029680,6553372278,7060236168,6258844405,6468694690,6415370746,,,,,,,,,,,,169961.3839,185721.7942,154762.1994,150585.4489,168785.9408,157515.8991,177593.3519,189170.8957,165937.8653,169915.8048,167101.7594
EU,,Montenegro,MNE,Legal,Equal,NA,NA,NA,NA,No,No,Yes,Yes,No,Yes,No,Yes,Yes,No,No,No,No,No,3680710375,4545674528,4159328980,4139192053,4538199889,4087725813,4464261816,4587928884,4052913386,4374128319,4844592067,,,,0.31485,,0.37431,0.3632,0.3632,0.32454,,,5976.391922,7367.751909,6727.10552,6682.281158,7318.74469,6586.721279,7186.431924,7378.345289,6514.272695,7028.936577,7784.06529
EU,,Netherlands,NLD,Legal,Equal,NA,NA,NA,NA,No,No,Yes,Yes,No,Yes,Yes,Yes,Yes,No,Yes,Yes,Yes,Yes,8.47E+11,9.48E+11,8.68E+11,8.47E+11,9.04E+11,8.39E+11,8.77E+11,8.91E+11,7.65E+11,7.84E+11,8.32E+11,1.6439,1.6854,1.72475,1.936,1.93945,1.95267,2.116,2.116,2.133,2.166,,51733.44213,57644.47997,52514.02712,50950.03434,54159.34661,50073.00566,52184.06185,52830.17423,45175.23189,46007.85292,48554.99228
EU,,Norway,NOR,Legal,Equal,NA,NA,NA,NA,No,No,Yes,Yes,No,Yes,Yes,Yes,Yes,No,Yes,No,Yes,Yes,4.01E+11,4.62E+11,3.86E+11,4.29E+11,4.98E+11,5.10E+11,5.23E+11,4.98E+11,3.86E+11,3.69E+11,3.98E+11,1.55346,1.72279,1.64855,1.62534,1.61858,1.654,1.71187,1.71187,2.3222,2.11315,,85139.96045,96944.09561,79977.69708,87693.79007,100600.5624,101524.1419,102913.4508,97019.18275,74355.51586,70460.56053,75496.75406
EU,,Poland,POL,Legal,Equal,NA,NA,NA,NA,No,No,Yes,Yes,No,Yes,Yes,No,No,No,No,No,No,No,4.29E+11,5.34E+11,4.40E+11,4.79E+11,5.29E+11,5.00E+11,5.24E+11,5.45E+11,4.78E+11,4.72E+11,5.26E+11,0.59921,0.6697,0.727,0.74588,0.8886,0.8753,0.9414,0.9414,0.96538,1.3812,,11255.4367,14001.44688,11527.59323,12599.53358,13893.50926,13145.53926,13781.06261,14347.91458,12572.30788,12431.57542,13856.98239
EU,,Portugal,PRT,Legal,Equal,NA,NA,NA,NA,No,No,Yes,Yes,Yes,Yes,No,Yes,Yes,No,Yes,No,Yes,Yes,2.40E+11,2.62E+11,2.44E+11,2.38E+11,2.45E+11,2.16E+11,2.26E+11,2.30E+11,1.99E+11,2.06E+11,2.21E+11,1.4452,1.57973,1.53257,1.45683,1.37777,1.32641,1.28973,1.28973,1.28763,1.32733,,22782.09462,24847.54514,23059.79745,22498.69086,23186.91313,20564.88986,21647.04181,22074.30076,19242.36647,19978.40121,21437.3475
EU,,Romania,ROU,Legal,Equal,NA,NA,NA,NA,No,No,Yes,Yes,No,Yes,Yes,Yes,No,No,No,No,No,No,1.75E+11,2.14E+11,1.74E+11,1.66E+11,1.83E+11,1.71E+11,1.91E+11,2.00E+11,1.78E+11,1.88E+11,2.12E+11,0.55398,0.44779,0.45569,0.49582,0.48251,0.38666,0.3825,0.3825,0.4829,0.5296,,8360.166321,10435.04398,8548.118672,8209.919456,9104.995622,8535.046876,9555.244217,10026.97358,8977.498544,9567.097782,10807.68448
EU,,Russia,RUS,Legal,Equal,NA,NA,Penal Code,1 mo - 2 yrs,No,Yes,Yes,No,No,No,No,No,No,No,No,No,No,No,1.30E+12,1.66E+12,1.22E+12,1.52E+12,2.05E+12,2.21E+12,2.30E+12,2.06E+12,1.36E+12,1.28E+12,1.58E+12,1.4435,1.25192,1.132,1.1261,1.2675,1.2524,1.711,1.711,1.9557,1.1733,,9101.256706,11635.27424,8562.813697,10674.9972,14351.21205,15434.57478,16007.08999,14100.7291,9313.787542,8745.375116,10750.58712
EU,,San Marino,SMR,Legal,Equal,NA,NA,NA,NA,No,No,Yes,None,No,Yes,No,Yes,Yes,No,No,No,No,No,2488365727,2752307016,2363156432,2139072848,2054489853,1800077091,1865374403,1788510017,1523012088,1564380531,1632860041,,,,,,,,,,,,82771.70365,90435.2703,76686.0213,68496.36068,64890.23886,56068.43455,57302.688,54282.8098,45774.58789,46692.35109,48494.55141
EU,,Serbia,SRB,Legal,Equal,NA,NA,NA,NA,No,No,Yes,Yes,No,Yes,Yes,Yes,Yes,No,No,No,No,No,43170990616,52194221469,45162894381,41819468692,49258136129,43309252921,48394239475,47062206678,39628550869,40630392019,44120424392,0.7955,0.86613,0.74427,0.72439,0.9691,0.72684,0.76972,0.76972,0.8959,0.9322,,5848.476405,7101.040141,6169.114195,5735.422857,6809.159804,6015.945228,6755.073675,6600.056809,5585.117938,5756.381194,6284.192672
EU,,Slovakia,SVK,Legal,Equal,NA,NA,NA,NA,No,No,Yes,Yes,No,Yes,Yes,Yes,No,No,No,No,No,No,86454081577,1.00E+11,89046289247,90183986822,98997521242,94416582465,98723944144,1.01E+11,88457167724,89640741266,95241436352,0.4624,0.47326,0.61614,0.66326,0.8495,0.82362,0.888,0.888,0.78965,0.88128,,16085.61152,18677.29271,16531.67051,16727.29133,18338.36223,17460.04681,18236.98079,18670.93017,16309.07324,16505.99806,17510.08899
EU,,Slovenia,SVN,Legal,Equal,NA,NA,NA,NA,No,No,Yes,Yes,No,Yes,Yes,No,Yes,No,No,Yes,No,Yes,48006373118,55552508715,50368056543,48161250935,51516367350,46580457470,48401896410,49930685013,43090173062,44651537260,48441722816,1.62564,1.81629,2.5763,2.42358,2.57319,2.581,2.3667,2.3667,2.888,1.85113,,23787.64669,27483.33695,24694.23056,23509.54339,25095.13263,22643.10025,23496.60231,24214.92207,20881.76677,21622.58068,23442.70428
EU,,Spain,ESP,Legal,Equal,NA,NA,NA,NA,No,No,Yes,No,No,Yes,Yes,Yes,Yes,No,Yes,No,Yes,Yes,1.47E+12,1.63E+12,1.49E+12,1.42E+12,1.48E+12,1.32E+12,1.35E+12,1.37E+12,1.20E+12,1.23E+12,1.31E+12,1.3176,1.35134,1.34961,1.3258,1.28788,1.26859,1.23535,1.23535,1.18549,1.2757,,32549.97098,35366.2596,32042.47408,30502.71971,31636.44631,28324.42934,29059.54795,29461.55033,25732.01836,26505.62433,28100.85228
EU,,Sweden,SWE,Legal,Equal,NA,NA,NA,NA,No,No,Yes,Yes,Yes,Yes,Yes,Yes,Yes,No,Yes,No,Yes,Yes,4.88E+11,5.15E+11,4.35E+11,4.95E+11,5.73E+11,5.51E+11,5.85E+11,5.80E+11,5.04E+11,5.16E+11,5.41E+11,3.49525,3.44965,3.21611,3.24919,3.28134,3.365,3.14587,3.14587,3.2549,3.3123,,53341.49077,55903.89989,46793.94416,52817.44137,60612.87883,57874.2865,60897.36563,59843.51917,51397.19176,51974.19656,53744.42903
EU,,Switzerland,CHE,Legal,Equal,NA,NA,NA,NA,No,No,Yes,None,No,Yes,No,Yes,No,No,No,Yes,No,No,4.80E+11,5.54E+11,5.42E+11,5.84E+11,7.00E+11,6.68E+11,6.89E+11,7.09E+11,6.80E+11,6.71E+11,6.80E+11,2.71472,,,,3.18623,,,,,,,63555.28092,72487.83471,69927.44229,74605.77451,88415.61081,83538.21282,85112.4696,86605.51739,82081.60921,80172.1933,80450.04582
EU,,Turkey,TUR,Legal,Equal,NA,NA,NA,NA,No,No,Yes,No,No,No,No,No,No,No,No,No,No,No,6.76E+11,7.64E+11,6.45E+11,7.72E+11,8.33E+11,8.74E+11,9.51E+11,9.34E+11,8.60E+11,8.64E+11,8.53E+11,0.69292,0.894,0.79892,0.79988,0.83217,0.81821,0.8677,0.8677,0.94464,0.96156,,9711.873594,10854.17225,9038.52015,10672.38925,11335.51051,11707.25971,12519.39143,12095.85457,10948.72461,10820.63384,10513.64842
EU,,Ukraine,UKR,Legal,Equal,NA,NA,NA,NA,No,No,Yes,No,No,Yes,No,No,No,No,No,No,No,No,1.43E+11,1.80E+11,1.17E+11,1.36E+11,1.63E+11,1.76E+11,1.83E+11,1.34E+11,91030959455,93355993629,1.12E+11,0.84644,0.85644,0.83346,0.7378,0.75167,0.76175,0.6534,0.6534,0.48384,0.44853,,3065.611623,3887.241412,2542.997136,2965.142365,3569.757027,3855.42128,4029.715504,3104.658296,2124.662666,2187.731997,2640.675677
EU,,United Kingdom (and associates),GBR,Legal,Equal,NA,NA,NA,NA,No,No,Yes,Yes,No,Yes,Yes,Yes,Yes,No,Yes,Yes,Yes,Yes,3.10E+12,2.92E+12,2.41E+12,2.48E+12,2.66E+12,2.70E+12,2.79E+12,3.06E+12,2.93E+12,2.69E+12,2.67E+12,1.6364,1.6994,1.66861,1.67454,1.6252,1.6476,1.66568,1.66568,1.68744,1.6736,,50566.8266,47286.99849,38713.13743,39435.8399,42038.50048,42462.71491,43444.56484,47417.63505,44966.10193,41074.16728,40361.41738
AM,,Antigua and Barbuda,ATG,Ilegal,Unknown,Both,Buggey,Unknown,14 yrs  - life,No,No,Yes,No,No,No,No,No,No,No,No,No,No,No,1311401333,1368431037,1224253000,1148700000,1137637037,1199948148,1181448148,1249733333,1336692593,1436585185,1467977778,,,,,,,,,,,,15607.08987,16024.34555,14113.07726,13049.25705,12746.20502,13272.44133,12909.74418,13501.58092,14286.09316,15197.61746,15383.41519
AM,,Argentina,ARG,Legal,Equal,NA,NA,NA,NA,No,No,Yes,Yes,No,No,Yes,Yes,No,No,Yes,No,Yes,Yes,2.88E+11,3.62E+11,3.33E+11,4.24E+11,5.30E+11,5.46E+11,5.52E+11,5.26E+11,5.95E+11,5.58E+11,6.43E+11,0.4755,0.58398,0.5614,0.56597,0.63491,0.61849,0.59278,0.59278,0.53274,,,7245.448317,9020.873098,8225.137176,10385.96443,12848.8642,13082.66433,13080.25473,12334.79825,13789.06042,12790.24247,14591.86338
AM,,Bahamas,BHS,Legal,Unequal,NA,NA,NA,NA,No,No,Yes,Uknown,No,No,Yes,No,No,No,No,No,No,No,10618340000,10526000000,9981960000,10095760000,10070450000,10720500000,10562700000,10913300000,11752300000,11938400000,12150400000,,,,,,,,,,,,31472.09897,30627.23863,28552.19048,28443.40766,28006.37972,29485.62093,28768.02989,29445.03053,31405.96356,31588.835,31827.2427
AM,,Barbados,BRB,Ilegal,Unknown,Both,Buggey,Unknown,14 yrs  - life,No,No,Yes,No,No,No,No,No,No,No,No,No,No,No,4674007450,4784925100,4465657300,4529928300,4657699450,4610096000,4677248300,4696344350,4725500000,4840500000,4989500000,,,,,,,,,,,,16770.74794,17092.31459,15886.13929,16056.11684,16459.05801,16249.89778,16452.03696,16488.52576,16561.87352,16936.90604,17431.60292
AM,,Belize,BLZ,Legal,Equal,NA,NA,NA,NA,No,No,Yes,No,No,No,No,No,No,No,No,No,No,No,1290542550,1368625150,1335217500,1377179137,1460800212,1522899790,1579413515,1662802599,1723785357,1775100179,1836593466,,,,,,,,,,,,4315.834964,4460.634144,4243.433284,4270.799647,4423.490439,4505.62068,4568.542051,4705.610045,4775.915077,4818.404394,4887.55982
AM,,Bolivia,BOL,Legal,Equal,NA,NA,NA,NA,No,No,Yes,Yes,Yes,Yes,Yes,Yes,Yes,No,No,No,No,No,13120183157,16674324634,17339992165,19649631451,23963033588,27084497540,30659338784,32996188133,33000198263,33941126194,37508642258,,0.157,,,,,,,,,,1372.628225,1715.208922,1754.211061,1955.461557,2346.33717,2609.880819,2908.200085,3081.878834,3035.972215,3076.658949,3351.124053
AM,,Brazil,BRA,Legal,Equal,NA,NA,NA,NA,No,No,Yes,Yes,Yes,Yes,Yes,Yes,No,Yes,Yes,Yes,Yes,No,1.40E+12,1.70E+12,1.67E+12,2.21E+12,2.62E+12,2.47E+12,2.47E+12,2.46E+12,1.80E+12,1.80E+12,2.05E+12,1.1294,1.11866,1.15992,1.13966,1.12684,1.19567,1.26991,1.26991,1.26578,,,7348.030794,8831.023117,8597.915352,11286.24302,13245.6125,12370.0242,12300.32258,12112.5903,8814.000987,8712.887044,9880.946543
AM,,Costa Rica,CRI,Legal,Equal,NA,NA,NA,NA,No,No,Yes,Yes,No,Yes,Yes,No,No,No,No,No,No,No,26743972564,30612927059,30562361123,37268614024,42262697840,46473128286,49745088112,50577769838,54775994479,57157992434,58174549218,0.38831,0.5228,0.48492,0.46782,0.5566,0.55567,0.5729,0.5729,0.45775,,,6071.789165,6859.079022,6760.477515,8141.913127,9121.932518,9913.209959,10490.08133,10547.15186,11299.13554,11666.45591,11752.5434
AM,,Chile,CHL,Legal,Unequal,NA,NA,NA,NA,No,No,Yes,Yes,No,Yes,Yes,Yes,No,No,No,Yes,No,No,1.74E+11,1.80E+11,1.72E+11,2.19E+11,2.52E+11,2.67E+11,2.78E+11,2.61E+11,2.44E+11,2.50E+11,2.78E+11,0.37497,0.3522,0.32947,0.35144,0.3622,0.3887,0.37497,0.37497,0.36244,,,10502.35452,10751.47967,10208.90676,12808.03459,14637.24024,15351.55133,15842.94081,14670.99676,13574.17183,13748.08766,15037.35028
AM,,Colombia,COL,Legal,Equal,NA,NA,NA,NA,No,No,Yes,Yes,No,Yes,Yes,Yes,Yes,No,Yes,Yes,Yes,Yes,2.06E+11,2.42E+11,2.32E+11,2.86E+11,3.34E+11,3.71E+11,3.82E+11,3.81E+11,2.93E+11,2.83E+11,3.12E+11,0.19976,0.19489,0.1947,0.2566,0.23458,0.27248,0.3799,0.3799,0.26955,0.24397,,4703.213157,5461.780726,5195.393376,6326.549469,7324.383286,8042.529769,8212.667829,8114.084264,6175.87603,5871.223524,6375.932063
AM,,Cuba,CUB,Legal,Equal,NA,NA,NA,NA,No,No,Yes,None,No,Yes,No,No,No,No,No,No,No,No,58603900000,60806300000,62080000000,64328000000,68990000000,73141000000,77148000000,80656000000,87133000000,91370000000,96851000000,0.561,0.61485,0.6767,0.27192,0.4716,0.47467,0.41596,0.41596,0.34865,,,5208.716073,5411.271418,5529.67036,5730.354775,6139.71933,6497.321113,6837.712892,7133.342095,7694.01192,8060.795886,8541.210673
AM,,Dominica,DMA,Ilegal,Unknown,Both,Buggey,Unknown,8 - 13 yrs,No,No,Yes,None,No,No,No,No,No,No,No,No,No,No,421375851.9,458190185.2,489074333.3,493824407.4,501025296.3,485998000,498296296.3,520207407.4,540737037,576229629.6,519837037,,,,,,,,,,,,5952.056669,6469.145738,6902.85717,6967.24523,7065.052968,6848.418234,7016.676471,7318.103783,7596.435062,8080.968623,7274.721333
AM,,Dominican Republic,DOM,Legal,Equal,NA,NA,NA,NA,No,No,Yes,Unclear,No,No,Yes,No,No,No,No,No,No,No,43965459070,48122601589,48261079523,53860187453,58029773801,60681535893,62682158701,67179956264,71164826721,75704647977,79998045976,,,,,,,,,,,,4707.796708,5087.991118,5039.407423,5555.390949,5913.434422,6110.369521,6238.133097,6608.832257,6921.517371,7280.873164,7609.345492
AM,,Ecuador,ECU,Legal,Equal,NA,NA,NA,NA,No,No,Yes,Yes,Yes,Yes,Yes,Yes,Yes,Yes,No,Yes,No,No,51007777000,61762635000,62519686000,69555367000,79276664000,87924544000,95129659000,1.02E+11,99290381000,99937696000,1.04E+11,0.22779,0.39463,0.4297,0.33991,0.33236,0.3799,0.44266,0.44266,,,,3567.836438,4249.019262,4231.615798,4633.590358,5200.55579,5682.045007,6056.330827,6377.09153,6124.491643,6060.093329,6213.501276
AM,,El Salvador,SLV,Legal,Equal,NA,NA,NA,NA,No,No,Yes,No,No,Yes,Yes,Yes,No,No,No,No,No,No,17011750900,17986890000,17601620000,18448000000,20284000000,21386000000,21991000000,22593000000,23438000000,24154000000,24928000000,0.13399,0.99,0.786,0.355,0.3397,0.6391,0.9381,0.9381,0.14662,,,2786.157922,2933.395675,2858.47963,2983.242708,3266.045875,3428.384736,3509.53628,3588.965943,3705.540002,3800.103302,3902.242318
AM,,Grenada,GRD,Ilegal,Unknown,Male,Against nature,Unknown,8 - 13 yrs,No,No,Yes,No,No,No,No,No,No,No,No,No,No,No,758683592.6,825976037,771275555.6,771013259.3,778655925.9,799882259.3,842620111.1,911497407.4,997007925.9,1061631222,1126882296,,,,,,,,,,,,7212.506822,7832.423352,7290.6971,7257.756622,7291.058897,7444.504768,7789.776381,8369.886755,9096.870646,9628.347487,10163.62985
AM,,Guatemala,GTM,Legal,Equal,NA,NA,NA,NA,No,No,Yes,Yes,No,No,Yes,No,No,No,No,No,No,No,34113107372,39136436614,37733609795,41338008613,47654783852,50388460925,53851153447,58722323918,63767597194,68663649522,75620081928,0.6189,0.553,0.435,0.4814,0.4471,0.3854,0.295,0.295,,,,2489.948406,2794.176832,2635.716443,2825.483963,3187.866203,3299.665605,3452.922,3687.836951,3923.573344,4140.589826,4470.609994
AM,,Guyana,GUY,Ilegal,Unknown,Male,Buggey,Unknown,14 yrs  - life,No,No,Yes,No,No,No,No,No,No,No,No,No,No,No,1740180444,1916994912,2061323854,2273225042,2576024116,2861562266,2987684170,3077643314,3197220339,3504024213,3555205811,,,,,,,,,,,,2331.200342,2566.887085,2756.819889,3033.247725,3425.436441,3788.146749,3934.865262,4031.600662,4166.128516,4542.622067,4586.054572
AM,,Haiti,HTI,Legal,Equal,NA,NA,NA,NA,No,No,Yes,Yes,No,No,No,No,No,No,No,No,No,No,5885325590,6548530572,6584649419,6622541529,7516834160,7890647022,8485077205,8775444942,8724656126,7970649131,8409497402,,,,,,,,,,,,619.8127742,678.8447898,672.0369979,665.6274195,744.2174268,769.749381,815.8200152,831.8739489,815.7282844,735.3017703,765.7272943
AM,,Honduras,HND,Legal,Equal,NA,NA,NA,NA,No,No,Yes,Yes,No,Yes,No,Yes,Yes,No,No,No,No,No,12275501784,13789715133,14587496229,15839344592,17710315006,18528601901,18499710128,19756494435,20979767785,21717622071,23100748922,,,,,,,,,,,,1572.065504,1727.827701,1789.706651,1904.346465,2088.3153,2144.342611,2102.593166,2206.051934,2302.201379,2342.584651,2449.964691
AM,,Jamaica,JAM,Ilegal,Unknown,Male,Buggey,Unknown,8 - 13 yrs,No,No,Yes,No,No,No,No,No,No,No,No,No,No,No,12827809965,13680482787,12067478478,13220556883,14444655300,14807086889,14262589158,13897804560,14187696311,14075894320,14806340821,,,,,,,,,,,,4633.944386,4917.718398,4316.231053,4704.054455,5111.471413,5209.851931,4989.171391,4833.790318,4907.50372,4843.338474,5069.183838
AM,,Mexico,MEX,Legal,Equal,NA,NA,NA,NA,No,No,Yes,Yes,Yes,Yes,Yes,Yes,Yes,No,Yes,Yes,Yes,No,1.05E+12,1.11E+12,9.00E+11,1.06E+12,1.18E+12,1.20E+12,1.27E+12,1.31E+12,1.17E+12,1.08E+12,1.16E+12,0.4773,0.51677,0.53299,0.51144,0.48684,0.49855,0.5344,0.5344,0.4865,,,9642.680605,10016.5713,8002.972106,9271.398233,10203.42085,10241.72792,10725.18332,10922.37605,9605.952351,8739.756043,9278.418168
AM,,Nicaragua,NIC,Legal,Equal,NA,NA,NA,NA,No,No,Yes,Yes,No,Yes,Yes,Yes,No,No,No,No,No,No,7423367753,8496998229,8298729074,8758639096,9774351931,10532006608,10982938826,11880395548,12756706583,13286048705,13843612005,,,,0.8344,0.1449,0.1284,0.8935,0.8935,,,,1327.959699,1499.267786,1444.381084,1503.870423,1655.816933,1760.461485,1811.632521,1934.056966,2049.84969,2107.56718,2168.195206
AM,,Panama,PAN,Legal,Equal,NA,NA,NA,NA,No,No,Yes,Yes,No,No,Yes,No,No,No,No,No,No,No,21295984200,25155888600,27116635600,29440300000,34686200000,40429700000,45600000000,49921500000,54091700000,57957600000,62283800000,0.1965,0.1321,0.14453,0.1734,0.7534,0.626,,,,,,6166.180721,7154.274496,7576.140467,8082.028459,9358.251475,10722.28363,11889.12763,12796.07004,13630.30797,14356.32405,15166.12443
AM,,Paraguay,PRY,Legal,Unequal,NA,NA,NA,NA,No,No,Yes,None,No,No,No,No,No,No,No,No,No,No,17856270473,24578067861,22341754514,27215968616,33715524704,33283228891,38585317743,40276532541,36164068797,36054281572,39008900332,0.5472,,,0.5671,0.8816,,0.1331,0.1331,0.15366,,,2976.825503,4041.583876,3624.571058,4355.934939,5322.96376,5183.082877,5926.832863,6102.943233,5406.703857,5319.410218,5680.580768
AM,,Peru,PER,Legal,Equal,NA,NA,NA,NA,No,No,Yes,Yes,No,Yes,Yes,Yes,Yes,No,No,No,No,No,1.02E+11,1.21E+11,1.21E+11,1.48E+11,1.72E+11,1.93E+11,2.01E+11,2.01E+11,1.90E+11,1.92E+11,2.11E+11,,,,0.8282,0.553,0.8172,0.1789,0.1789,0.1224,0.1262,,3606.070435,4220.616969,4196.312793,5082.354757,5869.32308,6528.972218,6756.752769,6672.880255,6229.101696,6204.99726,6710.508029
AM,,St Kitts and  Nevis,KNA,Ilegal,Unknown,Male,Buggey,Unknown,3 - 7  yrs,No,No,Yes,None,No,No,No,No,No,No,No,No,No,No,723938703.7,793368444.4,767066407.4,760170370.4,817759259.3,800414814.8,839774074.1,916566666.7,923155555.6,971166666.7,996944444.4,,,,,,,,,,,,15152.13495,16465.05021,15783.58418,15508.61699,16538.09653,16044.557,16685.02661,18051.89007,18029.32554,18811.94512,19155.43173
AM,,St Lucia,LCA,Ilegal,Unknown,Both,Buggey,Unknown,14 yrs  - life,No,No,Yes,No,No,Yes,No,No,No,No,No,No,No,No,1279428222,1286720333,1278745519,1399203481,1444269667,1440016852,1483814333,1559072148,1659110889,1701596815,1816728741,,,,,,,,,,,,7632.043989,7568.453414,7425.026672,8037.472967,8227.394082,8151.992413,8358.905169,8744.291224,9262.256115,9452.055364,10039.67141
AM,,St Vincent and  the Grenadines,VCT,Ilegal,Unknown,Both,Buggey,Unknown,8 - 13 yrs,No,No,Yes,No,No,No,No,No,No,No,No,No,No,No,684446259.3,695428851.9,674922481.5,681225963,676129407.4,692933740.7,721207407.4,727714814.8,755400000,774429629.6,792177777.8,,,,,,,,,,,,6307.214096,6415.809617,6232.719361,6292.789829,6242.193281,6390.314389,6639.607146,6684.807367,6920.878074,7075.06582,7212.960181
AM,,Suriname,SUR,Legal,Unequal,NA,NA,NA,NA,No,No,Yes,None,No,Yes,Yes,No,Yes,No,No,No,No,No,2936612022,3532969035,3875409836,4368398048,4422276622,4980000000,5145757576,5240606061,4787367928,3166040523,3068766110,,,,,,,,,,,,5744.759727,6831.970411,7408.389111,8255.796859,8263.172923,9201.008785,9402.233137,9472.0076,8561.974179,5604.722569,5379.119415
AM,,Trinidad and Tobago,TTO,Ilegal,Unknown,Both,Buggey,Unknown,14 yrs  - life,No,No,Yes,Yes,No,No,No,No,No,No,No,No,No,No,21641620050,27871587350,19172165226,22157948396,25433011405,25763220107,27268478565,27615843098,25062893969,22284780327,22474828527,0.372,0.5665,0.4771,0.424,0.442,0.5814,0.8297,0.8297,0.9175,,,16539.87811,21204.10497,14514.14172,16683.35538,19034.1492,19157.41704,20143.66445,20270.85937,18289.70434,16176.94737,16238.19319
AM,,Uruguay,URY,Legal,Equal,NA,NA,NA,NA,No,No,Yes,Yes,No,Yes,Yes,Yes,Yes,No,Yes,Yes,Yes,Yes,23410572633,30366213118,31660911279,40284481653,47962439303,51264390114,57531233351,57236013058,53274304222,52687612262,56488991831,0.37973,0.41252,0.34115,0.3487,0.3276,0.32113,0.33579,0.33579,0.4845,,,7026.511491,9091.079039,9451.932449,11992.01663,14236.68119,15171.58466,16973.67421,16831.97294,15613.76427,15387.14403,16437.24487
AM,,Venezuela,VEN,Legal,Equal,NA,NA,NA,NA,No,No,Yes,Yes,No,Yes,Yes,No,No,No,No,No,No,No,2.30E+11,3.16E+11,3.30E+11,3.93E+11,3.16E+11,3.81E+11,3.71E+11,4.82E+11,,,,0.2383,0.2414,0.18823,0.15296,0.251,0.31853,0.33713,0.33713,0.11867,,,8454.466743,11432.74386,11765.10018,13825.35809,10955.34991,12985.50533,12456.71245,16054.49051,,,
AM,,Canada,CAN,Legal,Unequal,NA,NA,NA,NA,No,No,Yes,Yes,No,Yes,Yes,Yes,Yes,No,Yes,No,No,Yes,1.46E+12,1.55E+12,1.37E+12,1.61E+12,1.79E+12,1.82E+12,1.84E+12,1.80E+12,1.55E+12,1.53E+12,1.65E+12,1.864,1.92227,1.82958,1.79132,1.7766,1.7964,1.71824,1.71824,1.68754,1.5853,,44543.04104,46594.45095,40773.06153,47450.31847,52101.79609,52542.34666,52504.6557,50835.51118,43495.05439,42279.90082,45069.92725
AM,,United States,USA,Legal,Equal,NA,NA,NA,NA,No,No,Yes,No,No,No,Yes,Yes,No,No,Yes,No,Yes,Yes,1.45E+13,1.47E+13,1.44E+13,1.50E+13,1.55E+13,1.62E+13,1.68E+13,1.75E+13,1.82E+13,1.87E+13,1.95E+13,2.76683,2.81859,2.7446,2.76965,2.68859,2.72486,2.73389,2.73389,2.77191,2.8161,,47975.96768,48382.55845,47099.98047,48466.82338,49883.11398,51603.49726,53106.90977,55032.958,56803.47243,57904.20196,59927.92983
OC,,Australia,AUS,Legal,Equal,NA,NA,NA,NA,No,No,Yes,Yes,No,Yes,Yes,No,Yes,No,No,Yes,Yes,Yes,8.53E+11,1.05E+12,9.28E+11,1.15E+12,1.40E+12,1.55E+12,1.58E+12,1.47E+12,1.35E+12,1.21E+12,1.33E+12,2.4692,,2.37976,2.24145,,2.18214,,,,,,40960.05449,49601.65671,42772.35917,52022.1256,62517.83375,68012.1479,68150.10704,62510.79117,56755.72171,49971.13146,54066.47127
,OC,Cook Islands (associates to New Zealand),,Ilegal,Unknown,Male,Sodomy,Unknown,8 - 13 yrs,No,No,Yes,None,No,No,No,No,No,No,No,No,No,No,,,,,,,,,,,,,,,,,,,,,,,,,,,,,,,,,
OC,,Fiji,FJI,Legal,Equal,NA,NA,NA,NA,No,No,Yes,Yes,Yes,Yes,Yes,No,No,No,No,No,No,No,3405050612,3523185920,2870624636,3140508836,3774530616,3972012571,4190143206,4856963230,4682546863,4930204220,5353404419,,,,,,,,,,,,4072.10157,4167.670285,3362.816555,3652.527437,4371.45751,4591.555784,4840.693716,5605.570331,5390.745237,5651.318055,6101.030839
OC,,Kiribati,KIR,Ilegal,Unknown,Both,Buggey,Unknown,8 - 13 yrs,No,No,Yes,None,No,Yes,No,No,No,No,No,No,No,No,132671743,141042610.3,132420059.3,156120895.2,181705002.6,190243321.6,185113921.6,179703443.3,171117872.4,178328873,185572501.5,,,,,,,,,,,,1374.452153,1428.120516,1311.999002,1516.811869,1735.018358,1788.505421,1715.765331,1642.762597,1542.57525,1584.807446,1625.57597
OC,,Marshall Islands,MHL,Legal,Equal,NA,NA,NA,NA,No,No,Yes,None,No,No,No,No,No,No,No,No,No,No,153884600,153135800,151772600,162164700,174332100,182874800,187707400,184689500,184599600,200558400,212881000,,,,,,,,,,,,2745.438975,2726.097483,2698.179556,2876.994997,3083.83188,3224.338382,3296.698163,3230.02326,3213.837288,3473.775006,3666.695374
OC,,Micronesia,FSM,Legal,Equal,NA,NA,NA,NA,No,No,Yes,None,No,No,No,No,No,No,No,No,No,No,256787150.9,263145104.6,280284568.1,296944122,311301557.1,327248654.8,317214350.1,319271156.4,316489947.5,332265162.5,366666808.6,,,,,,,,,,,,2458.610843,2541.408928,2721.870047,2885.44589,3009.198232,3131.386282,2994.678833,2971.456884,2906.377221,3014.700018,3289.701223
OC,,New Zealand,NZL,Legal,Equal,NA,NA,NA,NA,No,No,Yes,Yes,No,Yes,Yes,Yes,No,No,Yes,Yes,Yes,Yes,1.37E+11,1.33E+11,1.21E+11,1.47E+11,1.68E+11,1.76E+11,1.91E+11,2.01E+11,1.77E+11,1.88E+11,2.03E+11,,1.2525,,1.231,,1.15412,,,,,,32510.0827,31287.94365,28201.23228,33692.01083,38426.55081,39970.44004,42949.14223,44533.78309,38559.54704,40026.8522,42260.12518
OC,,Nauru,NRU,Legal,Equal,NA,NA,NA,NA,No,No,Yes,None,No,No,No,No,No,No,No,No,No,No,20439158.42,39291316.03,44294212.93,49235796.71,72680074.93,103833367.7,108634964.6,117009639.2,99966636.16,102052700.5,113884908.4,,,,,,,,,,,,2076.728147,3972.431102,4456.606593,4921.119111,7226.814649,10101.50479,10039.27221,9871.731985,8013.357608,7820.729599,8844.742806
OC,,Palau,PLW,Legal,Equal,NA,NA,NA,NA,No,No,Yes,None,No,No,No,No,No,No,No,No,No,No,194630300,198024400,183369300,183498800,193143900,211103300,223388400,243147000,280376100,300125600,286321800,,,,,,,,,,,,10159.21808,10587.27545,10028.40033,10219.9276,10884.41251,11967.30726,12688.19721,13794.79178,15871.84263,16932.33286,16078.26819
OC,,Papua New Guinea,PNG,Ilegal,Unknown,Male,Against nature,Unknown,8 - 13 yrs,No,Yes,Yes,No,No,No,No,No,No,No,No,No,No,No,9545177005,11670840924,11619637816,14250755222,17984910496,21295659249,21261432775,23210682537,21723531182,20759069105,22742613549,,,,,,,,,0.3294,,,1401.94718,1672.950783,1626.312402,1949.352517,2406.909678,2790.67667,2729.891904,2920.783721,2679.345589,2509.631457,2695.251883
OC,,Samoa,WSM,Ilegal,Unknown,Male,Sodomy,Unknown,3 - 7  yrs,No,No,Yes,Yes,No,Yes,No,Yes,No,No,No,No,No,No,570469196.7,619260721.6,584706020.2,663161528.4,737401684.1,760549577.7,770021643.6,756919933.5,788307314.9,799376440,831903814.1,,,,,,,,,,,,3133.654113,3379.082093,3168.176706,3566.362435,3933.459314,4022.19907,4037.509208,3937.758796,4073.665929,4109.165137,4258.486292
OC,,Solomon Islands,SLB,Ilegal,Unknown,Both,Buggey,Unknown,8 - 13 yrs,No,No,Yes,No,No,No,No,No,No,No,No,No,No,No,516074229,608229326.7,597765363.1,681151193.5,932725583.3,1063879446,1129787198,1172268301,1154650069,1230459710,1309631135,,,,,,,,,,,,1048.650015,1208.338618,1160.301648,1290.398786,1722.418121,1913.232013,1977.451405,1996.781184,1914.46793,1986.416229,2059.045427
OC,,Tonga,TON,Ilegal,Unknown,Male,Sodomy,Unknown,8 - 13 yrs,No,No,Yes,None,No,No,Yes,No,No,No,No,No,No,No,300143056.9,349484427.6,318166562.8,369485198.8,423011844.3,472358251.2,450686353.7,443911052.3,435438217.3,401109307.4,430174168.7,,,,,,,,,,,,2925.91276,3380.613351,3062.533091,3553.220614,4084.624132,4597.742305,4428.566481,4393.940811,4320.63799,3966.15652,4217.476507
OC,,Tuvalu,TUV,Ilegal,Unknown,Male,Buggey,Unknown,8 - 13 yrs,No,No,Yes,None,No,No,No,No,No,No,No,No,No,No,27030996.03,30290770.26,27101312.79,31824701.28,38713279.62,37671734.49,37507514.54,37291841.43,35492333.86,36547419.87,40620557.13,,,,,,,,,,,,2644.652776,2936.859633,2599.895701,3022.28882,3640.861433,3507.936911,3454.684953,3398.818942,3197.795645,3255.894866,3572.608367
OC,,Vanuatu,VUT,Legal,Equal,NA,NA,NA,NA,No,No,Yes,None,No,No,No,No,No,No,No,No,No,No,526428309.9,607958616.1,610066628.7,700804286.2,792149700.7,781702874.1,801787555.9,814954307,759689950.9,804332795.6,880043553.7,,,,,,,,,,,,2398.612625,2705.597658,2649.618144,2966.857116,3264.537017,3133.090209,3124.233078,3088.258303,2801.939848,2889.853036,3082.356323
